0.000000000000000000e+00,0.000000000000000000e+00,9.000000000000000000e+00,-1.325500000000000078e+01,2.640000000000000124e+00,9.320000000000000284e+00,1.481000000000000050e+01,1.181000000000000050e+01,-9.894523457569713576e-02
0.000000000000000000e+00,5.000000000000000278e-02,4.000000000000000000e+00,-1.349000000000000021e+01,4.009999999999999787e+00,1.003999999999999915e+01,1.648999999999999844e+01,1.369999999999999929e+01,-3.829824865026282277e-02
0.000000000000000000e+00,1.000000000000000056e-01,9.000000000000000000e+00,-1.411500000000000021e+01,3.410000000000000142e+00,1.000999999999999979e+01,1.607000000000000028e+01,1.307000000000000028e+01,-9.496751682018803042e-02
0.000000000000000000e+00,1.500000000000000222e-01,5.000000000000000000e+00,-1.241999999999999993e+01,4.030000000000000249e+00,8.970000000000000639e+00,1.599000000000000021e+01,1.275000000000000000e+01,-4.716215375038904783e-02
0.000000000000000000e+00,2.000000000000000111e-01,6.000000000000000000e+00,-1.325999999999999979e+01,3.450000000000000178e+00,1.053999999999999915e+01,1.500000000000000000e+01,1.368999999999999950e+01,-5.662350092595828249e-02
0.000000000000000000e+00,2.500000000000000000e-01,1.000000000000000000e+01,-1.198499999999999943e+01,3.479999999999999982e+00,8.990000000000000213e+00,1.539000000000000057e+01,1.223000000000000043e+01,-9.513481134676474160e-02
0.000000000000000000e+00,3.000000000000000444e-01,3.000000000000000000e+00,-1.545500000000000007e+01,3.350000000000000089e+00,1.018999999999999950e+01,1.698000000000000043e+01,1.314000000000000057e+01,-3.459244119000708800e-02
0.000000000000000000e+00,3.500000000000000333e-01,9.000000000000000000e+00,-1.221499999999999986e+01,3.350000000000000089e+00,9.289999999999999147e+00,1.499000000000000021e+01,1.241000000000000014e+01,-8.611116309390945411e-02
0.000000000000000000e+00,4.000000000000000222e-01,4.000000000000000000e+00,-1.337500000000000000e+01,3.689999999999999947e+00,9.740000000000000213e+00,1.559999999999999964e+01,1.303999999999999915e+01,-3.992169447433172730e-02
0.000000000000000000e+00,4.500000000000000111e-01,3.000000000000000000e+00,-1.432000000000000028e+01,3.200000000000000178e+00,9.259999999999999787e+00,1.642000000000000171e+01,1.210999999999999943e+01,-3.472162343992421518e-02
0.000000000000000000e+00,5.000000000000000000e-01,7.000000000000000000e+00,-1.344500000000000028e+01,3.740000000000000213e+00,9.259999999999999787e+00,1.655999999999999872e+01,1.264000000000000057e+01,-7.250318285135692875e-02
0.000000000000000000e+00,5.500000000000000444e-01,7.000000000000000000e+00,-1.464000000000000057e+01,3.000000000000000000e+00,1.083999999999999986e+01,1.563000000000000078e+01,1.350000000000000000e+01,-7.443314858801794442e-02
0.000000000000000000e+00,6.000000000000000888e-01,1.000000000000000000e+01,-1.466000000000000014e+01,3.120000000000000107e+00,1.002999999999999936e+01,1.642000000000000171e+01,1.290000000000000036e+01,-1.113867235178283566e-01
0.000000000000000000e+00,6.500000000000000222e-01,8.000000000000000000e+00,-1.422499999999999964e+01,3.529999999999999805e+00,9.970000000000000639e+00,1.655000000000000071e+01,1.317999999999999972e+01,-8.435302942275921256e-02
0.000000000000000000e+00,7.000000000000000666e-01,6.000000000000000000e+00,-1.386999999999999922e+01,3.129999999999999893e+00,9.429999999999999716e+00,1.566999999999999993e+01,1.224000000000000021e+01,-6.648486007108264650e-02
0.000000000000000000e+00,7.500000000000000000e-01,9.000000000000000000e+00,-1.448000000000000043e+01,3.290000000000000036e+00,9.210000000000000853e+00,1.689999999999999858e+01,1.218999999999999950e+01,-1.046482541500259739e-01
0.000000000000000000e+00,8.000000000000000444e-01,1.300000000000000000e+01,-1.087500000000000000e+01,3.790000000000000036e+00,8.470000000000000639e+00,1.523000000000000043e+01,1.200000000000000000e+01,-1.135938168935696491e-01
0.000000000000000000e+00,8.500000000000000888e-01,1.000000000000000000e+01,-1.180000000000000071e+01,3.910000000000000142e+00,9.710000000000000853e+00,1.524000000000000021e+01,1.334999999999999964e+01,-8.547452037279851256e-02
0.000000000000000000e+00,9.000000000000000222e-01,7.000000000000000000e+00,-1.358000000000000007e+01,3.740000000000000213e+00,9.359999999999999432e+00,1.637000000000000099e+01,1.268999999999999950e+01,-7.294924276882128189e-02
0.000000000000000000e+00,9.500000000000000666e-01,6.000000000000000000e+00,-1.431499999999999950e+01,3.250000000000000000e+00,9.910000000000000142e+00,1.630999999999999872e+01,1.289000000000000057e+01,-6.521024086133149489e-02
0.000000000000000000e+00,1.000000000000000000e+00,5.000000000000000000e+00,-1.450000000000000000e+01,3.379999999999999893e+00,9.929999999999999716e+00,1.625000000000000000e+01,1.298000000000000043e+01,-5.462772546244026861e-02
5.000000000000000278e-02,0.000000000000000000e+00,9.600000000000000000e+01,2.180999999999999872e+01,1.293999999999999950e+01,4.400000000000000022e-01,3.900000000000000133e-01,6.099999999999999645e+00,1.010930825047030268e+01
5.000000000000000278e-02,5.000000000000000278e-02,9.800000000000000000e+01,2.188500000000000156e+01,1.157000000000000028e+01,3.099999999999999978e-01,4.000000000000000222e-01,5.990000000000000213e+00,1.040185639729880052e+01
5.000000000000000278e-02,1.000000000000000056e-01,9.700000000000000000e+01,2.233999999999999986e+01,1.286999999999999922e+01,5.400000000000000355e-01,5.699999999999999512e-01,6.549999999999999822e+00,7.846316248636859392e+00
5.000000000000000278e-02,1.500000000000000222e-01,9.800000000000000000e+01,2.146999999999999886e+01,1.175999999999999979e+01,3.800000000000000044e-01,4.000000000000000222e-01,5.860000000000000320e+00,1.025728987100132983e+01
5.000000000000000278e-02,2.000000000000000111e-01,9.900000000000000000e+01,2.125000000000000000e+01,1.102999999999999936e+01,3.599999999999999867e-01,3.900000000000000133e-01,5.679999999999999716e+00,1.044933747220163056e+01
5.000000000000000278e-02,2.500000000000000000e-01,9.500000000000000000e+01,2.193499999999999872e+01,1.261999999999999922e+01,4.400000000000000022e-01,5.400000000000000355e-01,6.110000000000000320e+00,8.574181669394434380e+00
5.000000000000000278e-02,3.000000000000000444e-01,9.400000000000000000e+01,2.076500000000000057e+01,1.277999999999999936e+01,4.699999999999999734e-01,4.199999999999999845e-01,5.849999999999999645e+00,9.606944738043974752e+00
5.000000000000000278e-02,3.500000000000000333e-01,9.900000000000000000e+01,2.186499999999999844e+01,1.184999999999999964e+01,5.100000000000000089e-01,4.400000000000000022e-01,6.049999999999999822e+00,9.158026814911707447e+00
5.000000000000000278e-02,4.000000000000000222e-01,9.500000000000000000e+01,2.243499999999999872e+01,1.233000000000000007e+01,7.199999999999999734e-01,3.800000000000000044e-01,6.459999999999999964e+00,8.199900635930047699e+00
5.000000000000000278e-02,4.500000000000000111e-01,9.700000000000000000e+01,2.194000000000000128e+01,1.203999999999999915e+01,3.499999999999999778e-01,4.000000000000000222e-01,5.959999999999999964e+00,1.038652903414064887e+01
5.000000000000000278e-02,5.000000000000000000e-01,9.600000000000000000e+01,2.253999999999999915e+01,1.248000000000000043e+01,5.300000000000000266e-01,4.299999999999999933e-01,6.349999999999999645e+00,8.837090126324136818e+00
5.000000000000000278e-02,5.500000000000000444e-01,9.400000000000000000e+01,2.264999999999999858e+01,1.142999999999999972e+01,1.000000000000000000e+00,5.799999999999999600e-01,6.709999999999999964e+00,6.138251366120218044e+00
5.000000000000000278e-02,6.000000000000000888e-01,9.600000000000000000e+01,2.435500000000000043e+01,1.066999999999999993e+01,2.589999999999999858e+00,5.300000000000000266e-01,7.120000000000000107e+00,4.860424811451439453e+00
5.000000000000000278e-02,6.500000000000000222e-01,9.600000000000000000e+01,2.407000000000000028e+01,1.069999999999999929e+01,1.939999999999999947e+00,4.799999999999999822e-01,6.910000000000000142e+00,5.394424871500574703e+00
5.000000000000000278e-02,7.000000000000000666e-01,9.400000000000000000e+01,2.418499999999999872e+01,1.181000000000000050e+01,2.629999999999999893e+00,4.600000000000000200e-01,7.349999999999999645e+00,4.794900641946919784e+00
5.000000000000000278e-02,7.500000000000000000e-01,9.000000000000000000e+01,2.512000000000000099e+01,1.074000000000000021e+01,3.220000000000000195e+00,4.600000000000000200e-01,7.519999999999999574e+00,4.248288621646623575e+00
5.000000000000000278e-02,8.000000000000000444e-01,9.200000000000000000e+01,2.639999999999999858e+01,1.125000000000000000e+01,3.240000000000000213e+00,4.600000000000000200e-01,8.109999999999999432e+00,4.221938727117518830e+00
5.000000000000000278e-02,8.500000000000000888e-01,9.600000000000000000e+01,2.184499999999999886e+01,1.281000000000000050e+01,3.499999999999999778e-01,4.199999999999999845e-01,6.129999999999999893e+00,1.016438345648210451e+01
5.000000000000000278e-02,9.000000000000000222e-01,9.400000000000000000e+01,2.319000000000000128e+01,1.091000000000000014e+01,1.979999999999999982e+00,5.799999999999999600e-01,7.019999999999999574e+00,4.966211370606274933e+00
5.000000000000000278e-02,9.500000000000000666e-01,9.600000000000000000e+01,2.532000000000000028e+01,1.108999999999999986e+01,2.379999999999999893e+00,4.299999999999999933e-01,7.400000000000000355e+00,5.060932932932933781e+00
5.000000000000000278e-02,1.000000000000000000e+00,9.700000000000000000e+01,2.123499999999999943e+01,1.202999999999999936e+01,4.899999999999999911e-01,5.799999999999999600e-01,5.870000000000000107e+00,8.328224407619638114e+00
1.000000000000000056e-01,0.000000000000000000e+00,9.800000000000000000e+01,2.160999999999999943e+01,1.223000000000000043e+01,3.599999999999999867e-01,4.299999999999999933e-01,5.799999999999999822e+00,1.042658507631430176e+01
1.000000000000000056e-01,5.000000000000000278e-02,9.200000000000000000e+01,2.171000000000000085e+01,1.243999999999999950e+01,5.200000000000000178e-01,4.600000000000000200e-01,6.259999999999999787e+00,8.269059282925097065e+00
1.000000000000000056e-01,1.000000000000000056e-01,9.700000000000000000e+01,2.174500000000000099e+01,1.236999999999999922e+01,4.699999999999999734e-01,5.200000000000000178e-01,6.089999999999999858e+00,8.682728335453843371e+00
1.000000000000000056e-01,1.500000000000000222e-01,9.500000000000000000e+01,2.153999999999999915e+01,1.233999999999999986e+01,4.799999999999999822e-01,4.799999999999999822e-01,6.089999999999999858e+00,8.707206714103266521e+00
1.000000000000000056e-01,2.000000000000000111e-01,9.400000000000000000e+01,2.126999999999999957e+01,1.300999999999999979e+01,3.900000000000000133e-01,4.699999999999999734e-01,5.889999999999999680e+00,9.639040810855661334e+00
1.000000000000000056e-01,2.500000000000000000e-01,9.500000000000000000e+01,2.117500000000000071e+01,1.203999999999999915e+01,4.600000000000000200e-01,4.299999999999999933e-01,5.940000000000000391e+00,9.221692939495969910e+00
1.000000000000000056e-01,3.000000000000000444e-01,9.900000000000000000e+01,2.217500000000000071e+01,1.200999999999999979e+01,5.100000000000000089e-01,4.299999999999999933e-01,6.190000000000000391e+00,9.154812034951593347e+00
1.000000000000000056e-01,3.500000000000000333e-01,9.200000000000000000e+01,2.282000000000000028e+01,1.207000000000000028e+01,1.479999999999999982e+00,4.799999999999999822e-01,6.650000000000000355e+00,5.894486379884136262e+00
1.000000000000000056e-01,4.000000000000000222e-01,9.700000000000000000e+01,2.164999999999999858e+01,1.222000000000000064e+01,3.900000000000000133e-01,4.899999999999999911e-01,6.080000000000000071e+00,9.146211702842872882e+00
1.000000000000000056e-01,4.500000000000000111e-01,8.900000000000000000e+01,2.761499999999999844e+01,1.035999999999999943e+01,4.209999999999999964e+00,4.299999999999999933e-01,8.519999999999999574e+00,3.738477384689464778e+00
1.000000000000000056e-01,5.000000000000000000e-01,9.500000000000000000e+01,2.454500000000000171e+01,9.839999999999999858e+00,2.430000000000000160e+00,4.400000000000000022e-01,7.089999999999999858e+00,4.882147635706646227e+00
1.000000000000000056e-01,5.500000000000000444e-01,9.300000000000000000e+01,2.278999999999999915e+01,1.183999999999999986e+01,1.780000000000000027e+00,5.200000000000000178e-01,6.690000000000000391e+00,5.502753872085995646e+00
1.000000000000000056e-01,6.000000000000000888e-01,9.400000000000000000e+01,2.251000000000000156e+01,1.013000000000000078e+01,2.040000000000000036e+00,5.100000000000000089e-01,6.440000000000000391e+00,5.218434823204644246e+00
1.000000000000000056e-01,6.500000000000000222e-01,9.200000000000000000e+01,2.721999999999999886e+01,1.093999999999999950e+01,4.250000000000000000e+00,5.899999999999999689e-01,8.400000000000000355e+00,3.863883013242129127e+00
1.000000000000000056e-01,7.000000000000000666e-01,9.600000000000000000e+01,2.174500000000000099e+01,1.225999999999999979e+01,4.899999999999999911e-01,4.699999999999999734e-01,6.169999999999999929e+00,8.719150411986717586e+00
1.000000000000000056e-01,7.500000000000000000e-01,9.100000000000000000e+01,2.523000000000000043e+01,1.081000000000000050e+01,3.270000000000000018e+00,3.900000000000000133e-01,7.750000000000000000e+00,4.216123138191956166e+00
1.000000000000000056e-01,8.000000000000000444e-01,9.500000000000000000e+01,2.457000000000000028e+01,1.083999999999999986e+01,2.080000000000000071e+00,5.500000000000000444e-01,6.969999999999999751e+00,5.207311207962245447e+00
1.000000000000000056e-01,8.500000000000000888e-01,9.400000000000000000e+01,2.536499999999999844e+01,9.750000000000000000e+00,3.000000000000000000e+00,4.500000000000000111e-01,7.330000000000000071e+00,4.535211459754433072e+00
1.000000000000000056e-01,9.000000000000000222e-01,4.900000000000000000e+01,2.028500000000000014e+01,1.008999999999999986e+01,9.720000000000000639e+00,5.400000000000000355e-01,1.105000000000000071e+01,1.065230601642366492e+00
1.000000000000000056e-01,9.500000000000000666e-01,9.100000000000000000e+01,2.682499999999999929e+01,1.039000000000000057e+01,4.150000000000000355e+00,5.000000000000000000e-01,8.419999999999999929e+00,3.771301858727486689e+00
1.000000000000000056e-01,1.000000000000000000e+00,9.400000000000000000e+01,2.761499999999999844e+01,1.011999999999999922e+01,3.729999999999999982e+00,5.300000000000000266e-01,8.130000000000000782e+00,4.169985619897951246e+00
1.500000000000000222e-01,0.000000000000000000e+00,9.900000000000000000e+01,2.219999999999999929e+01,1.201999999999999957e+01,2.999999999999999889e-01,3.699999999999999956e-01,6.139999999999999680e+00,1.103362565772989257e+01
1.500000000000000222e-01,5.000000000000000278e-02,9.900000000000000000e+01,2.174500000000000099e+01,1.177999999999999936e+01,3.300000000000000155e-01,4.699999999999999734e-01,5.860000000000000320e+00,9.941789860525112488e+00
1.500000000000000222e-01,1.000000000000000056e-01,9.900000000000000000e+01,2.276999999999999957e+01,1.234999999999999964e+01,2.999999999999999889e-01,4.000000000000000222e-01,6.320000000000000284e+00,1.060162974683544235e+01
1.500000000000000222e-01,1.500000000000000222e-01,9.900000000000000000e+01,2.196000000000000085e+01,1.266999999999999993e+01,4.199999999999999845e-01,4.299999999999999933e-01,5.990000000000000213e+00,1.017332429048414077e+01
1.500000000000000222e-01,2.000000000000000111e-01,9.200000000000000000e+01,2.289499999999999957e+01,1.191000000000000014e+01,8.599999999999999867e-01,6.099999999999999867e-01,6.690000000000000391e+00,6.298197079452685365e+00
1.500000000000000222e-01,2.500000000000000000e-01,9.600000000000000000e+01,2.160500000000000043e+01,1.205000000000000071e+01,5.100000000000000089e-01,4.799999999999999822e-01,6.009999999999999787e+00,8.688577540833305690e+00
1.500000000000000222e-01,3.000000000000000444e-01,9.700000000000000000e+01,2.234499999999999886e+01,1.175000000000000000e+01,5.999999999999999778e-01,3.300000000000000155e-01,6.190000000000000391e+00,9.346880401056491650e+00
1.500000000000000222e-01,3.500000000000000333e-01,9.800000000000000000e+01,2.107499999999999929e+01,1.041999999999999993e+01,3.800000000000000044e-01,3.699999999999999956e-01,5.559999999999999609e+00,1.027401079136690498e+01
1.500000000000000222e-01,4.000000000000000222e-01,9.100000000000000000e+01,2.227499999999999858e+01,1.121000000000000085e+01,1.370000000000000107e+00,4.600000000000000200e-01,6.570000000000000284e+00,5.797376755531628234e+00
1.500000000000000222e-01,4.500000000000000111e-01,9.500000000000000000e+01,2.467000000000000171e+01,1.332000000000000028e+01,1.580000000000000071e+00,5.799999999999999600e-01,7.660000000000000142e+00,5.471213146309390041e+00
1.500000000000000222e-01,5.000000000000000000e-01,9.200000000000000000e+01,2.543499999999999872e+01,1.148000000000000043e+01,2.649999999999999911e+00,4.799999999999999822e-01,7.790000000000000036e+00,4.506136569719684459e+00
1.500000000000000222e-01,5.500000000000000444e-01,9.500000000000000000e+01,2.480999999999999872e+01,1.018999999999999950e+01,3.000000000000000000e+00,4.500000000000000111e-01,7.179999999999999716e+00,4.665489965002499240e+00
1.500000000000000222e-01,6.000000000000000888e-01,9.600000000000000000e+01,2.178000000000000114e+01,1.166000000000000014e+01,6.199999999999999956e-01,4.299999999999999933e-01,5.990000000000000213e+00,8.541197491314353130e+00
1.500000000000000222e-01,6.500000000000000222e-01,9.100000000000000000e+01,2.401000000000000156e+01,9.820000000000000284e+00,2.450000000000000178e+00,5.899999999999999689e-01,7.000000000000000000e+00,4.528021763085400053e+00
1.500000000000000222e-01,7.000000000000000666e-01,8.100000000000000000e+01,2.787500000000000000e+01,1.092999999999999972e+01,4.809999999999999609e+00,6.400000000000000133e-01,9.130000000000000782e+00,3.109937061276903059e+00
1.500000000000000222e-01,7.500000000000000000e-01,9.600000000000000000e+01,2.217000000000000171e+01,1.211999999999999922e+01,8.399999999999999689e-01,5.899999999999999689e-01,6.450000000000000178e+00,6.871813953488371318e+00
1.500000000000000222e-01,8.000000000000000444e-01,9.200000000000000000e+01,2.346999999999999886e+01,1.055000000000000071e+01,2.479999999999999982e+00,5.100000000000000089e-01,7.209999999999999964e+00,4.533283138498116926e+00
1.500000000000000222e-01,8.500000000000000888e-01,9.800000000000000000e+01,2.342500000000000071e+01,1.067999999999999972e+01,2.410000000000000142e+00,4.899999999999999911e-01,6.870000000000000107e+00,5.139189885483891551e+00
1.500000000000000222e-01,9.000000000000000222e-01,9.400000000000000000e+01,2.546999999999999886e+01,8.980000000000000426e+00,3.740000000000000213e+00,5.000000000000000000e-01,7.719999999999999751e+00,4.023986467283181767e+00
1.500000000000000222e-01,9.500000000000000666e-01,9.000000000000000000e+01,2.831500000000000128e+01,1.066000000000000014e+01,4.570000000000000284e+00,4.699999999999999734e-01,8.990000000000000213e+00,3.609376116636957121e+00
1.500000000000000222e-01,1.000000000000000000e+00,9.000000000000000000e+01,2.898499999999999943e+01,1.082000000000000028e+01,4.410000000000000142e+00,5.000000000000000000e-01,8.929999999999999716e+00,3.727491601343785099e+00
2.000000000000000111e-01,0.000000000000000000e+00,9.800000000000000000e+01,2.206500000000000128e+01,1.100000000000000000e+01,4.099999999999999756e-01,4.899999999999999911e-01,6.110000000000000320e+00,8.616249219936651826e+00
2.000000000000000111e-01,5.000000000000000278e-02,9.400000000000000000e+01,2.212999999999999901e+01,1.288000000000000078e+01,5.600000000000000533e-01,3.400000000000000244e-01,6.299999999999999822e+00,9.501219662058371540e+00
2.000000000000000111e-01,1.000000000000000056e-01,9.800000000000000000e+01,2.252499999999999858e+01,1.150999999999999979e+01,5.100000000000000089e-01,4.199999999999999845e-01,6.370000000000000107e+00,8.712108262108261059e+00
2.000000000000000111e-01,1.500000000000000222e-01,9.500000000000000000e+01,2.130000000000000071e+01,1.300000000000000000e+01,3.400000000000000244e-01,4.899999999999999911e-01,5.839999999999999858e+00,9.873157949356578200e+00
2.000000000000000111e-01,2.000000000000000111e-01,9.900000000000000000e+01,2.198000000000000043e+01,1.126999999999999957e+01,4.199999999999999845e-01,3.900000000000000133e-01,6.049999999999999822e+00,9.743999999999999773e+00
2.000000000000000111e-01,2.500000000000000000e-01,9.600000000000000000e+01,2.112000000000000099e+01,1.085999999999999943e+01,4.000000000000000222e-01,4.400000000000000022e-01,5.790000000000000036e+00,9.128704663212435122e+00
2.000000000000000111e-01,3.000000000000000444e-01,9.500000000000000000e+01,2.218499999999999872e+01,1.147000000000000064e+01,8.599999999999999867e-01,5.400000000000000355e-01,6.150000000000000355e+00,7.080123627524934626e+00
2.000000000000000111e-01,3.500000000000000333e-01,9.400000000000000000e+01,2.338500000000000156e+01,1.063000000000000078e+01,2.209999999999999964e+00,5.600000000000000533e-01,7.000000000000000000e+00,4.854934663234663716e+00
2.000000000000000111e-01,4.000000000000000222e-01,9.600000000000000000e+01,2.357000000000000028e+01,1.093999999999999950e+01,1.209999999999999964e+00,3.900000000000000133e-01,6.889999999999999680e+00,6.347975581827862257e+00
2.000000000000000111e-01,4.500000000000000111e-01,9.100000000000000000e+01,2.728000000000000114e+01,1.055000000000000071e+01,3.629999999999999893e+00,5.400000000000000355e-01,8.300000000000000711e+00,3.973263960299797226e+00
2.000000000000000111e-01,5.000000000000000000e-01,9.000000000000000000e+01,2.547500000000000142e+01,9.869999999999999218e+00,3.160000000000000142e+00,4.899999999999999911e-01,7.360000000000000320e+00,4.281264768431001677e+00
2.000000000000000111e-01,5.500000000000000444e-01,9.500000000000000000e+01,2.598999999999999844e+01,1.003999999999999915e+01,3.319999999999999840e+00,3.699999999999999956e-01,7.559999999999999609e+00,4.508934435843302779e+00
2.000000000000000111e-01,6.000000000000000888e-01,9.000000000000000000e+01,2.527499999999999858e+01,9.810000000000000497e+00,3.319999999999999840e+00,5.999999999999999778e-01,7.669999999999999929e+00,3.984455584913061621e+00
2.000000000000000111e-01,6.500000000000000222e-01,8.900000000000000000e+01,2.692500000000000071e+01,1.013000000000000078e+01,4.160000000000000142e+00,3.599999999999999867e-01,8.359999999999999432e+00,3.750378951290297191e+00
2.000000000000000111e-01,7.000000000000000666e-01,9.300000000000000000e+01,2.260500000000000043e+01,1.125999999999999979e+01,1.649999999999999911e+00,3.499999999999999778e-01,6.429999999999999716e+00,6.041522616723470129e+00
2.000000000000000111e-01,7.500000000000000000e-01,8.400000000000000000e+01,2.576999999999999957e+01,9.560000000000000497e+00,3.899999999999999911e+00,5.899999999999999689e-01,7.860000000000000320e+00,3.558517761615675568e+00
2.000000000000000111e-01,8.000000000000000444e-01,8.900000000000000000e+01,2.610500000000000043e+01,9.919999999999999929e+00,3.890000000000000124e+00,3.699999999999999956e-01,7.780000000000000249e+00,3.966699614673499408e+00
2.000000000000000111e-01,8.500000000000000888e-01,8.700000000000000000e+01,2.712000000000000099e+01,1.003999999999999915e+01,4.299999999999999822e+00,4.799999999999999822e-01,8.250000000000000000e+00,3.665070722433460215e+00
2.000000000000000111e-01,9.000000000000000222e-01,8.900000000000000000e+01,2.753999999999999915e+01,1.035999999999999943e+01,4.089999999999999858e+00,5.100000000000000089e-01,8.330000000000000071e+00,3.808899669456824455e+00
2.000000000000000111e-01,9.500000000000000666e-01,8.400000000000000000e+01,2.757999999999999829e+01,1.071000000000000085e+01,4.209999999999999964e+00,4.099999999999999756e-01,8.509999999999999787e+00,3.563031119978133709e+00
2.000000000000000111e-01,1.000000000000000000e+00,8.800000000000000000e+01,2.755999999999999872e+01,1.015000000000000036e+01,4.259999999999999787e+00,4.600000000000000200e-01,8.550000000000000711e+00,3.643286233602022417e+00
2.500000000000000000e-01,0.000000000000000000e+00,9.400000000000000000e+01,2.146000000000000085e+01,1.201999999999999957e+01,4.899999999999999911e-01,5.899999999999999689e-01,6.080000000000000071e+00,7.768979278285534917e+00
2.500000000000000000e-01,5.000000000000000278e-02,9.900000000000000000e+01,2.144999999999999929e+01,1.122000000000000064e+01,4.199999999999999845e-01,4.000000000000000222e-01,5.889999999999999680e+00,9.788542681399427181e+00
2.500000000000000000e-01,1.000000000000000056e-01,9.600000000000000000e+01,2.143499999999999872e+01,1.133999999999999986e+01,3.699999999999999956e-01,4.799999999999999822e-01,5.860000000000000320e+00,9.098746182863299836e+00
2.500000000000000000e-01,1.500000000000000222e-01,9.700000000000000000e+01,2.180000000000000071e+01,1.133000000000000007e+01,5.600000000000000533e-01,3.800000000000000044e-01,6.200000000000000178e+00,8.782150537634407783e+00
2.500000000000000000e-01,2.000000000000000111e-01,9.600000000000000000e+01,2.178500000000000014e+01,1.186999999999999922e+01,6.300000000000000044e-01,5.600000000000000533e-01,6.139999999999999680e+00,7.648171242438341899e+00
2.500000000000000000e-01,2.500000000000000000e-01,9.600000000000000000e+01,2.330000000000000071e+01,1.135999999999999943e+01,8.699999999999999956e-01,5.000000000000000000e-01,6.660000000000000142e+00,6.861184178831236657e+00
2.500000000000000000e-01,3.000000000000000444e-01,9.600000000000000000e+01,2.323000000000000043e+01,1.136999999999999922e+01,7.900000000000000355e-01,4.199999999999999845e-01,6.559999999999999609e+00,7.482708364506957643e+00
2.500000000000000000e-01,3.500000000000000333e-01,9.500000000000000000e+01,2.333500000000000085e+01,1.050000000000000000e+01,1.379999999999999893e+00,4.299999999999999933e-01,6.459999999999999964e+00,6.188970588235295445e+00
2.500000000000000000e-01,4.000000000000000222e-01,8.900000000000000000e+01,2.268499999999999872e+01,1.143999999999999950e+01,1.929999999999999938e+00,6.800000000000000488e-01,6.910000000000000142e+00,4.713240952938122952e+00
2.500000000000000000e-01,4.500000000000000111e-01,9.500000000000000000e+01,2.178500000000000014e+01,1.108999999999999986e+01,6.400000000000000133e-01,4.199999999999999845e-01,5.820000000000000284e+00,8.448466378749884598e+00
2.500000000000000000e-01,5.000000000000000000e-01,9.800000000000000000e+01,2.182000000000000028e+01,1.281000000000000050e+01,2.800000000000000266e-01,3.599999999999999867e-01,5.919999999999999929e+00,1.209439189189189179e+01
2.500000000000000000e-01,5.500000000000000444e-01,8.600000000000000000e+01,2.917999999999999972e+01,1.118999999999999950e+01,4.639999999999999680e+00,4.400000000000000022e-01,8.880000000000000782e+00,3.611292596944770228e+00
2.500000000000000000e-01,6.000000000000000888e-01,9.600000000000000000e+01,2.310500000000000043e+01,1.211999999999999922e+01,7.199999999999999734e-01,4.400000000000000022e-01,6.280000000000000249e+00,8.163821656050956221e+00
2.500000000000000000e-01,6.500000000000000222e-01,8.300000000000000000e+01,2.883500000000000085e+01,1.108999999999999986e+01,4.530000000000000249e+00,4.799999999999999822e-01,8.910000000000000142e+00,3.438784618089415268e+00
2.500000000000000000e-01,7.000000000000000666e-01,8.100000000000000000e+01,2.544500000000000028e+01,1.082000000000000028e+01,4.540000000000000036e+00,5.000000000000000000e-01,8.419999999999999929e+00,3.199333995043604162e+00
2.500000000000000000e-01,7.500000000000000000e-01,8.700000000000000000e+01,2.601500000000000057e+01,9.910000000000000142e+00,3.589999999999999858e+00,4.600000000000000200e-01,7.870000000000000107e+00,3.847495625984329592e+00
2.500000000000000000e-01,8.000000000000000444e-01,9.300000000000000000e+01,2.457499999999999929e+01,1.231000000000000050e+01,2.689999999999999947e+00,5.600000000000000533e-01,7.519999999999999574e+00,4.637495026386329044e+00
2.500000000000000000e-01,8.500000000000000888e-01,5.600000000000000000e+01,2.016499999999999915e+01,9.990000000000000213e+00,8.009999999999999787e+00,5.100000000000000089e-01,9.380000000000000782e+00,1.468074577279713910e+00
2.500000000000000000e-01,9.000000000000000222e-01,7.900000000000000000e+01,2.300499999999999901e+01,9.529999999999999361e+00,6.820000000000000284e+00,6.199999999999999956e-01,8.859999999999999432e+00,2.472943289325543859e+00
2.500000000000000000e-01,9.500000000000000666e-01,8.900000000000000000e+01,2.432999999999999829e+01,9.230000000000000426e+00,2.990000000000000213e+00,3.800000000000000044e-01,7.099999999999999645e+00,4.283950234741784158e+00
2.500000000000000000e-01,1.000000000000000000e+00,6.100000000000000000e+01,1.703500000000000014e+01,1.817000000000000171e+01,2.290000000000000036e+00,6.400000000000000133e-01,1.049000000000000021e+01,2.174457720171004027e+00
3.000000000000000444e-01,0.000000000000000000e+00,9.700000000000000000e+01,2.167999999999999972e+01,1.142999999999999972e+01,3.900000000000000133e-01,3.800000000000000044e-01,5.900000000000000355e+00,1.010058069270449543e+01
3.000000000000000444e-01,5.000000000000000278e-02,9.600000000000000000e+01,2.193499999999999872e+01,1.210999999999999943e+01,4.600000000000000200e-01,4.500000000000000111e-01,6.160000000000000142e+00,8.969243697478990640e+00
3.000000000000000444e-01,1.000000000000000056e-01,9.500000000000000000e+01,2.158500000000000085e+01,1.224000000000000021e+01,3.099999999999999978e-01,5.200000000000000178e-01,6.040000000000000036e+00,9.099185982339957235e+00
3.000000000000000444e-01,1.500000000000000222e-01,9.800000000000000000e+01,2.176000000000000156e+01,1.151999999999999957e+01,5.200000000000000178e-01,5.000000000000000000e-01,6.009999999999999787e+00,8.491559681233033174e+00
3.000000000000000444e-01,2.000000000000000111e-01,9.800000000000000000e+01,2.219999999999999929e+01,1.213000000000000078e+01,5.200000000000000178e-01,3.800000000000000044e-01,6.150000000000000355e+00,9.577906504065040849e+00
3.000000000000000444e-01,2.500000000000000000e-01,9.300000000000000000e+01,2.237000000000000099e+01,1.277999999999999936e+01,5.999999999999999778e-01,4.500000000000000111e-01,6.629999999999999893e+00,7.918325791855203910e+00
3.000000000000000444e-01,3.000000000000000444e-01,9.500000000000000000e+01,2.483500000000000085e+01,1.125000000000000000e+01,2.069999999999999840e+00,5.300000000000000266e-01,7.169999999999999929e+00,5.195452854233783668e+00
3.000000000000000444e-01,3.500000000000000333e-01,9.700000000000000000e+01,2.198000000000000043e+01,1.264000000000000057e+01,4.899999999999999911e-01,5.899999999999999689e-01,6.209999999999999964e+00,8.162284320248392788e+00
3.000000000000000444e-01,4.000000000000000222e-01,9.400000000000000000e+01,2.121000000000000085e+01,1.026999999999999957e+01,7.700000000000000178e-01,4.799999999999999822e-01,5.839999999999999858e+00,7.236014530049886595e+00
3.000000000000000444e-01,4.500000000000000111e-01,9.600000000000000000e+01,2.236499999999999844e+01,1.201999999999999957e+01,7.700000000000000178e-01,4.099999999999999756e-01,6.330000000000000071e+00,7.977856866076484366e+00
3.000000000000000444e-01,5.000000000000000000e-01,8.400000000000000000e+01,2.742500000000000071e+01,1.069999999999999929e+01,4.650000000000000355e+00,4.600000000000000200e-01,8.869999999999999218e+00,3.324867880151965771e+00
3.000000000000000444e-01,5.500000000000000444e-01,9.300000000000000000e+01,2.155499999999999972e+01,1.153999999999999915e+01,9.100000000000000311e-01,4.500000000000000111e-01,6.089999999999999858e+00,7.186160765315841026e+00
3.000000000000000444e-01,6.000000000000000888e-01,9.600000000000000000e+01,2.187000000000000099e+01,1.190000000000000036e+01,2.999999999999999889e-01,4.199999999999999845e-01,6.070000000000000284e+00,1.006250585277031462e+01
3.000000000000000444e-01,6.500000000000000222e-01,9.400000000000000000e+01,2.605999999999999872e+01,1.005000000000000071e+01,3.229999999999999982e+00,5.600000000000000533e-01,7.870000000000000107e+00,4.216429040879813961e+00
3.000000000000000444e-01,7.000000000000000666e-01,6.400000000000000000e+01,3.085000000000000142e+01,1.367999999999999972e+01,6.419999999999999929e+00,4.799999999999999822e-01,1.151999999999999957e+01,2.125813008130081450e+00
3.000000000000000444e-01,7.500000000000000000e-01,8.900000000000000000e+01,2.690500000000000114e+01,9.480000000000000426e+00,3.830000000000000071e+00,4.099999999999999756e-01,7.919999999999999929e+00,3.939805107526881844e+00
3.000000000000000444e-01,8.000000000000000444e-01,8.700000000000000000e+01,2.903500000000000014e+01,1.110999999999999943e+01,4.860000000000000320e+00,4.400000000000000022e-01,9.380000000000000782e+00,3.411101219883657443e+00
3.000000000000000444e-01,8.500000000000000888e-01,8.800000000000000000e+01,2.586499999999999844e+01,9.509999999999999787e+00,4.250000000000000000e+00,4.799999999999999822e-01,8.259999999999999787e+00,3.533460331918967245e+00
3.000000000000000444e-01,9.000000000000000222e-01,8.600000000000000000e+01,2.734499999999999886e+01,1.017999999999999972e+01,4.379999999999999893e+00,4.899999999999999911e-01,8.609999999999999432e+00,3.490143186506491801e+00
3.000000000000000444e-01,9.500000000000000666e-01,3.400000000000000000e+01,2.494000000000000128e+01,1.353999999999999915e+01,9.529999999999999361e+00,7.900000000000000355e-01,1.230000000000000071e+01,8.241513614776112551e-01
3.000000000000000444e-01,1.000000000000000000e+00,8.600000000000000000e+01,2.764499999999999957e+01,1.033000000000000007e+01,4.360000000000000320e+00,5.400000000000000355e-01,8.419999999999999929e+00,3.599394997904150184e+00
3.500000000000000333e-01,0.000000000000000000e+00,9.800000000000000000e+01,2.219000000000000128e+01,1.240000000000000036e+01,4.799999999999999822e-01,4.899999999999999911e-01,6.259999999999999787e+00,8.792228543918771067e+00
3.500000000000000333e-01,5.000000000000000278e-02,9.700000000000000000e+01,2.187000000000000099e+01,1.226999999999999957e+01,4.799999999999999822e-01,4.899999999999999911e-01,6.200000000000000178e+00,8.680942775077330253e+00
3.500000000000000333e-01,1.000000000000000056e-01,9.800000000000000000e+01,2.168499999999999872e+01,1.163000000000000078e+01,3.900000000000000133e-01,5.600000000000000533e-01,6.110000000000000320e+00,8.419490684037674200e+00
3.500000000000000333e-01,1.500000000000000222e-01,9.900000000000000000e+01,2.146499999999999986e+01,1.108000000000000007e+01,4.699999999999999734e-01,4.799999999999999822e-01,5.759999999999999787e+00,9.016219951923076792e+00
3.500000000000000333e-01,2.000000000000000111e-01,9.600000000000000000e+01,2.112000000000000099e+01,1.134999999999999964e+01,5.699999999999999512e-01,4.699999999999999734e-01,5.759999999999999787e+00,8.531037527593818837e+00
3.500000000000000333e-01,2.500000000000000000e-01,9.500000000000000000e+01,2.290500000000000114e+01,1.173000000000000043e+01,8.299999999999999600e-01,4.099999999999999756e-01,6.349999999999999645e+00,7.680991410164638822e+00
3.500000000000000333e-01,3.000000000000000444e-01,9.600000000000000000e+01,2.126999999999999957e+01,1.146000000000000085e+01,4.500000000000000111e-01,4.600000000000000200e-01,5.860000000000000320e+00,8.965982910241399040e+00
3.500000000000000333e-01,3.500000000000000333e-01,9.600000000000000000e+01,2.326999999999999957e+01,1.138000000000000078e+01,1.239999999999999991e+00,4.799999999999999822e-01,6.650000000000000355e+00,6.346236500341762898e+00
3.500000000000000333e-01,4.000000000000000222e-01,9.900000000000000000e+01,2.314999999999999858e+01,1.155000000000000071e+01,1.179999999999999938e+00,5.000000000000000000e-01,6.540000000000000036e+00,6.712421092500632014e+00
3.500000000000000333e-01,4.500000000000000111e-01,8.900000000000000000e+01,2.674500000000000099e+01,1.036999999999999922e+01,3.290000000000000036e+00,4.400000000000000022e-01,8.119999999999999218e+00,4.021686645757285739e+00
3.500000000000000333e-01,5.000000000000000000e-01,8.000000000000000000e+01,2.713500000000000156e+01,1.063000000000000078e+01,4.250000000000000000e+00,4.600000000000000200e-01,8.460000000000000853e+00,3.343675779981800655e+00
3.500000000000000333e-01,5.500000000000000444e-01,8.600000000000000000e+01,2.657000000000000028e+01,1.051999999999999957e+01,3.919999999999999929e+00,5.100000000000000089e-01,8.029999999999999361e+00,3.757891409239643377e+00
3.500000000000000333e-01,6.000000000000000888e-01,9.600000000000000000e+01,2.308999999999999986e+01,1.143999999999999950e+01,1.100000000000000089e+00,4.400000000000000022e-01,6.469999999999999751e+00,6.855188047398248052e+00
3.500000000000000333e-01,6.500000000000000222e-01,9.000000000000000000e+01,2.782499999999999929e+01,1.011999999999999922e+01,4.519999999999999574e+00,4.400000000000000022e-01,8.910000000000000142e+00,3.567807706696595194e+00
3.500000000000000333e-01,7.000000000000000666e-01,8.900000000000000000e+01,2.669000000000000128e+01,1.077999999999999936e+01,3.729999999999999982e+00,4.600000000000000200e-01,8.349999999999999645e+00,3.833194642972120203e+00
3.500000000000000333e-01,7.500000000000000000e-01,9.400000000000000000e+01,2.128999999999999915e+01,1.192999999999999972e+01,5.200000000000000178e-01,4.500000000000000111e-01,6.320000000000000284e+00,8.164856926368337042e+00
3.500000000000000333e-01,8.000000000000000444e-01,7.400000000000000000e+01,2.660500000000000043e+01,1.165000000000000036e+01,6.599999999999999645e+00,6.300000000000000044e-01,1.030000000000000071e+01,2.337376442105783436e+00
3.500000000000000333e-01,8.500000000000000888e-01,8.300000000000000000e+01,2.633999999999999986e+01,1.063000000000000078e+01,6.169999999999999929e+00,5.500000000000000444e-01,9.320000000000000284e+00,2.866589635813000747e+00
3.500000000000000333e-01,9.000000000000000222e-01,8.800000000000000000e+01,2.619500000000000028e+01,1.174000000000000021e+01,3.240000000000000213e+00,4.199999999999999845e-01,8.400000000000000355e+00,3.950027077497665573e+00
3.500000000000000333e-01,9.500000000000000666e-01,2.900000000000000000e+01,2.719500000000000028e+01,1.558000000000000007e+01,1.001999999999999957e+01,6.700000000000000400e-01,1.323000000000000043e+01,7.163617152651357012e-01
3.500000000000000333e-01,1.000000000000000000e+00,7.300000000000000000e+01,2.575499999999999901e+01,1.026999999999999957e+01,5.330000000000000071e+00,5.400000000000000355e-01,9.099999999999999645e+00,2.580167861000154161e+00
4.000000000000000222e-01,0.000000000000000000e+00,9.800000000000000000e+01,2.180999999999999872e+01,1.188000000000000078e+01,4.199999999999999845e-01,4.400000000000000022e-01,5.889999999999999680e+00,9.710792738670496860e+00
4.000000000000000222e-01,5.000000000000000278e-02,9.700000000000000000e+01,2.186499999999999844e+01,1.242999999999999972e+01,4.099999999999999756e-01,5.500000000000000444e-01,6.030000000000000249e+00,8.813994651466726893e+00
4.000000000000000222e-01,1.000000000000000056e-01,1.000000000000000000e+02,2.198999999999999844e+01,1.127999999999999936e+01,2.200000000000000011e-01,3.800000000000000044e-01,5.830000000000000071e+00,1.166909370952497582e+01
4.000000000000000222e-01,1.500000000000000222e-01,9.600000000000000000e+01,2.146000000000000085e+01,1.250999999999999979e+01,5.500000000000000444e-01,4.000000000000000222e-01,5.839999999999999858e+00,9.620821917808218160e+00
4.000000000000000222e-01,2.000000000000000111e-01,9.700000000000000000e+01,2.171999999999999886e+01,1.105000000000000071e+01,4.099999999999999756e-01,3.300000000000000155e-01,5.879999999999999893e+00,1.039754402695657731e+01
4.000000000000000222e-01,2.500000000000000000e-01,9.700000000000000000e+01,2.094500000000000028e+01,1.067999999999999972e+01,2.899999999999999800e-01,3.699999999999999956e-01,5.490000000000000213e+00,1.102879896369391766e+01
4.000000000000000222e-01,3.000000000000000444e-01,9.700000000000000000e+01,2.225499999999999901e+01,1.209999999999999964e+01,7.299999999999999822e-01,4.600000000000000200e-01,6.309999999999999609e+00,7.930377707342842086e+00
4.000000000000000222e-01,3.500000000000000333e-01,9.300000000000000000e+01,2.290500000000000114e+01,1.200999999999999979e+01,1.010000000000000009e+00,4.299999999999999933e-01,6.500000000000000000e+00,6.952800123406005284e+00
4.000000000000000222e-01,4.000000000000000222e-01,9.700000000000000000e+01,2.214999999999999858e+01,1.077999999999999936e+01,6.999999999999999556e-01,4.400000000000000022e-01,6.280000000000000249e+00,7.636609086511327860e+00
4.000000000000000222e-01,4.500000000000000111e-01,8.100000000000000000e+01,2.164499999999999957e+01,1.117999999999999972e+01,4.080000000000000071e+00,4.400000000000000022e-01,7.980000000000000426e+00,3.112219864176570372e+00
4.000000000000000222e-01,5.000000000000000000e-01,9.800000000000000000e+01,2.135000000000000142e+01,1.117999999999999972e+01,3.800000000000000044e-01,4.799999999999999822e-01,6.320000000000000284e+00,8.485549310409975732e+00
4.000000000000000222e-01,5.500000000000000444e-01,8.600000000000000000e+01,2.617999999999999972e+01,1.002999999999999936e+01,3.740000000000000213e+00,5.200000000000000178e-01,8.359999999999999432e+00,3.556584052371323690e+00
4.000000000000000222e-01,6.000000000000000888e-01,9.500000000000000000e+01,2.566499999999999915e+01,9.320000000000000284e+00,3.200000000000000178e+00,4.500000000000000111e-01,7.320000000000000284e+00,4.510901472744235363e+00
4.000000000000000222e-01,6.500000000000000222e-01,8.500000000000000000e+01,2.665500000000000114e+01,1.026999999999999957e+01,4.679999999999999716e+00,5.799999999999999600e-01,8.529999999999999361e+00,3.357076153463200541e+00
4.000000000000000222e-01,7.000000000000000666e-01,9.100000000000000000e+01,2.361499999999999844e+01,1.125999999999999979e+01,2.330000000000000071e+00,4.600000000000000200e-01,7.110000000000000320e+00,4.796181434599155580e+00
4.000000000000000222e-01,7.500000000000000000e-01,8.300000000000000000e+01,2.692500000000000071e+01,1.066000000000000014e+01,6.549999999999999822e+00,4.400000000000000022e-01,9.310000000000000497e+00,2.912033725440307474e+00
4.000000000000000222e-01,8.000000000000000444e-01,9.000000000000000000e+01,2.746000000000000085e+01,9.589999999999999858e+00,3.910000000000000142e+00,3.699999999999999956e-01,7.809999999999999609e+00,4.115046879517574752e+00
4.000000000000000222e-01,8.500000000000000888e-01,8.900000000000000000e+01,2.553000000000000114e+01,8.839999999999999858e+00,3.870000000000000107e+00,5.000000000000000000e-01,7.500000000000000000e+00,3.891172594113621042e+00
4.000000000000000222e-01,9.000000000000000222e-01,8.800000000000000000e+01,2.462500000000000000e+01,1.177999999999999936e+01,3.259999999999999787e+00,5.999999999999999778e-01,8.289999999999999147e+00,3.735490920499602741e+00
4.000000000000000222e-01,9.500000000000000666e-01,8.800000000000000000e+01,2.552499999999999858e+01,9.380000000000000782e+00,4.230000000000000426e+00,4.899999999999999911e-01,7.860000000000000320e+00,3.664039598931395414e+00
4.000000000000000222e-01,1.000000000000000000e+00,2.100000000000000000e+01,1.561999999999999922e+01,1.605000000000000071e+01,8.240000000000000213e+00,6.199999999999999956e-01,1.349000000000000021e+01,3.485805706993459485e-01
4.500000000000000111e-01,0.000000000000000000e+00,9.800000000000000000e+01,2.182499999999999929e+01,1.132000000000000028e+01,4.699999999999999734e-01,5.799999999999999600e-01,6.030000000000000249e+00,8.061701207663116264e+00
4.500000000000000111e-01,5.000000000000000278e-02,9.800000000000000000e+01,2.194000000000000128e+01,1.181000000000000050e+01,4.799999999999999822e-01,3.599999999999999867e-01,6.030000000000000249e+00,9.963604201216142542e+00
4.500000000000000111e-01,1.000000000000000056e-01,9.800000000000000000e+01,2.185000000000000142e+01,1.225999999999999979e+01,3.800000000000000044e-01,5.400000000000000355e-01,6.099999999999999645e+00,8.906600044913540515e+00
4.500000000000000111e-01,1.500000000000000222e-01,9.700000000000000000e+01,2.103500000000000014e+01,1.077999999999999936e+01,3.099999999999999978e-01,4.299999999999999933e-01,5.580000000000000071e+00,1.006326341022577431e+01
4.500000000000000111e-01,2.000000000000000111e-01,9.900000000000000000e+01,2.227499999999999858e+01,1.183999999999999986e+01,5.100000000000000089e-01,4.299999999999999933e-01,6.240000000000000213e+00,9.018573659460976444e+00
4.500000000000000111e-01,2.500000000000000000e-01,9.700000000000000000e+01,2.135000000000000142e+01,1.125000000000000000e+01,4.099999999999999756e-01,4.199999999999999845e-01,5.830000000000000071e+00,9.541938250428815493e+00
4.500000000000000111e-01,3.000000000000000444e-01,9.800000000000000000e+01,2.265500000000000114e+01,1.164000000000000057e+01,5.300000000000000266e-01,4.000000000000000222e-01,6.320000000000000284e+00,8.941339940039972234e+00
4.500000000000000111e-01,3.500000000000000333e-01,9.900000000000000000e+01,2.157999999999999829e+01,1.306000000000000050e+01,5.600000000000000533e-01,4.400000000000000022e-01,5.950000000000000178e+00,9.626756302521007669e+00
4.500000000000000111e-01,4.000000000000000222e-01,9.600000000000000000e+01,2.223000000000000043e+01,1.150000000000000000e+01,5.100000000000000089e-01,3.699999999999999956e-01,6.110000000000000320e+00,9.274762684124386425e+00
4.500000000000000111e-01,4.500000000000000111e-01,9.500000000000000000e+01,2.460500000000000043e+01,1.102999999999999936e+01,1.820000000000000062e+00,5.000000000000000000e-01,7.030000000000000249e+00,5.439241901475942775e+00
4.500000000000000111e-01,5.000000000000000000e-01,9.000000000000000000e+01,2.634499999999999886e+01,1.060999999999999943e+01,3.109999999999999876e+00,4.400000000000000022e-01,7.969999999999999751e+00,4.176089376515315976e+00
4.500000000000000111e-01,5.500000000000000444e-01,9.500000000000000000e+01,2.151999999999999957e+01,1.308999999999999986e+01,8.199999999999999512e-01,5.899999999999999689e-01,6.400000000000000355e+00,7.080468749999999645e+00
4.500000000000000111e-01,6.000000000000000888e-01,9.000000000000000000e+01,2.490500000000000114e+01,1.101999999999999957e+01,2.500000000000000000e+00,4.199999999999999845e-01,7.679999999999999716e+00,4.465148998877245923e+00
4.500000000000000111e-01,6.500000000000000222e-01,8.600000000000000000e+01,2.511499999999999844e+01,9.259999999999999787e+00,3.810000000000000053e+00,5.000000000000000000e-01,7.480000000000000426e+00,3.772919302478125569e+00
4.500000000000000111e-01,7.000000000000000666e-01,9.600000000000000000e+01,2.292000000000000171e+01,1.194999999999999929e+01,1.439999999999999947e+00,4.799999999999999822e-01,6.690000000000000391e+00,6.146965620328850299e+00
4.500000000000000111e-01,7.500000000000000000e-01,8.700000000000000000e+01,2.544000000000000128e+01,9.380000000000000782e+00,4.240000000000000213e+00,5.699999999999999512e-01,8.109999999999999432e+00,3.477208458051238349e+00
4.500000000000000111e-01,8.000000000000000444e-01,8.700000000000000000e+01,2.870499999999999829e+01,1.116999999999999993e+01,4.730000000000000426e+00,5.000000000000000000e-01,9.109999999999999432e+00,3.485974132332572584e+00
4.500000000000000111e-01,8.500000000000000888e-01,8.300000000000000000e+01,2.832499999999999929e+01,1.118999999999999950e+01,5.269999999999999574e+00,4.600000000000000200e-01,9.449999999999999289e+00,3.122909497311759708e+00
4.500000000000000111e-01,9.000000000000000222e-01,9.500000000000000000e+01,2.157999999999999829e+01,1.158999999999999986e+01,1.560000000000000053e+00,5.000000000000000000e-01,6.700000000000000178e+00,5.627597947761193709e+00
4.500000000000000111e-01,9.500000000000000666e-01,8.600000000000000000e+01,2.769999999999999929e+01,1.038000000000000078e+01,4.330000000000000071e+00,4.699999999999999734e-01,8.789999999999999147e+00,3.480951054868716366e+00
4.500000000000000111e-01,1.000000000000000000e+00,4.300000000000000000e+01,1.171000000000000085e+01,2.087999999999999901e+01,1.360000000000000098e+00,5.699999999999999512e-01,1.133000000000000007e+01,1.712333627537511171e+00
5.000000000000000000e-01,0.000000000000000000e+00,9.700000000000000000e+01,2.107999999999999829e+01,1.114000000000000057e+01,2.800000000000000266e-01,4.799999999999999822e-01,5.509999999999999787e+00,1.003720859434459456e+01
5.000000000000000000e-01,5.000000000000000278e-02,9.600000000000000000e+01,2.110000000000000142e+01,1.099000000000000021e+01,4.199999999999999845e-01,4.699999999999999734e-01,5.969999999999999751e+00,8.590718297369200229e+00
5.000000000000000000e-01,1.000000000000000056e-01,9.800000000000000000e+01,2.191000000000000014e+01,1.167999999999999972e+01,3.800000000000000044e-01,5.200000000000000178e-01,5.990000000000000213e+00,8.967475840015048050e+00
5.000000000000000000e-01,1.500000000000000222e-01,9.700000000000000000e+01,2.273999999999999844e+01,1.325999999999999979e+01,4.799999999999999822e-01,5.600000000000000533e-01,6.540000000000000036e+00,8.289495412844036792e+00
5.000000000000000000e-01,2.000000000000000111e-01,9.900000000000000000e+01,2.221000000000000085e+01,1.171000000000000085e+01,6.400000000000000133e-01,5.500000000000000444e-01,6.139999999999999680e+00,7.921538245535212575e+00
5.000000000000000000e-01,2.500000000000000000e-01,9.600000000000000000e+01,2.114499999999999957e+01,1.138000000000000078e+01,5.200000000000000178e-01,4.099999999999999756e-01,5.870000000000000107e+00,9.013721172671566251e+00
5.000000000000000000e-01,3.000000000000000444e-01,9.000000000000000000e+01,2.287000000000000099e+01,1.218999999999999950e+01,1.219999999999999973e+00,4.299999999999999933e-01,6.730000000000000426e+00,6.193324951423019975e+00
5.000000000000000000e-01,3.500000000000000333e-01,9.500000000000000000e+01,2.248499999999999943e+01,1.140000000000000036e+01,8.800000000000000044e-01,4.000000000000000222e-01,6.150000000000000355e+00,7.666091753774679773e+00
5.000000000000000000e-01,4.000000000000000222e-01,9.600000000000000000e+01,2.167999999999999972e+01,1.169999999999999929e+01,5.200000000000000178e-01,5.200000000000000178e-01,5.959999999999999964e+00,8.324295302013421605e+00
5.000000000000000000e-01,4.500000000000000111e-01,9.500000000000000000e+01,2.189999999999999858e+01,1.100000000000000000e+01,7.299999999999999822e-01,3.900000000000000133e-01,6.099999999999999645e+00,7.948708066442296882e+00
5.000000000000000000e-01,5.000000000000000000e-01,9.400000000000000000e+01,2.155999999999999872e+01,1.109999999999999964e+01,7.900000000000000355e-01,3.599999999999999867e-01,6.019999999999999574e+00,7.957829750720555317e+00
5.000000000000000000e-01,5.500000000000000444e-01,8.800000000000000000e+01,2.709499999999999886e+01,1.010999999999999943e+01,4.440000000000000391e+00,4.199999999999999845e-01,8.429999999999999716e+00,3.627947805456702035e+00
5.000000000000000000e-01,6.000000000000000888e-01,9.200000000000000000e+01,2.605499999999999972e+01,1.055000000000000071e+01,3.180000000000000160e+00,3.200000000000000067e-01,7.309999999999999609e+00,4.669487111537661939e+00
5.000000000000000000e-01,6.500000000000000222e-01,9.300000000000000000e+01,2.695499999999999829e+01,1.158999999999999986e+01,3.080000000000000071e+00,5.799999999999999600e-01,8.339999999999999858e+00,4.225028166146327813e+00
5.000000000000000000e-01,7.000000000000000666e-01,9.500000000000000000e+01,2.132999999999999829e+01,1.068999999999999950e+01,7.600000000000000089e-01,4.199999999999999845e-01,5.919999999999999929e+00,7.711528716216215606e+00
5.000000000000000000e-01,7.500000000000000000e-01,7.700000000000000000e+01,2.808500000000000085e+01,1.182000000000000028e+01,5.589999999999999858e+00,6.700000000000000400e-01,1.003999999999999915e+01,2.677169654714475655e+00
5.000000000000000000e-01,8.000000000000000444e-01,8.500000000000000000e+01,2.776500000000000057e+01,1.301999999999999957e+01,4.019999999999999574e+00,7.800000000000000266e-01,9.300000000000000711e+00,3.390707885304658831e+00
5.000000000000000000e-01,8.500000000000000888e-01,8.000000000000000000e+01,2.675000000000000000e+01,1.084999999999999964e+01,5.240000000000000213e+00,6.800000000000000488e-01,9.310000000000000497e+00,2.863652638088728164e+00
5.000000000000000000e-01,9.000000000000000222e-01,8.500000000000000000e+01,2.669000000000000128e+01,1.002999999999999936e+01,4.690000000000000391e+00,5.699999999999999512e-01,8.619999999999999218e+00,3.310429194541395503e+00
5.000000000000000000e-01,9.500000000000000666e-01,8.600000000000000000e+01,2.564000000000000057e+01,1.052999999999999936e+01,4.030000000000000249e+00,5.999999999999999778e-01,8.140000000000000568e+00,3.559759467445891890e+00
5.000000000000000000e-01,1.000000000000000000e+00,1.500000000000000000e+01,4.714999999999999858e+00,2.448999999999999844e+01,2.629999999999999893e+00,6.899999999999999467e-01,1.417999999999999972e+01,3.082926059322779189e-01
5.500000000000000444e-01,0.000000000000000000e+00,9.800000000000000000e+01,2.164499999999999957e+01,1.144999999999999929e+01,3.099999999999999978e-01,4.600000000000000200e-01,5.889999999999999680e+00,9.796800833712920209e+00
5.500000000000000444e-01,5.000000000000000278e-02,9.800000000000000000e+01,2.230499999999999972e+01,1.276999999999999957e+01,3.699999999999999956e-01,4.500000000000000111e-01,6.209999999999999964e+00,9.867143799054103326e+00
5.500000000000000444e-01,1.000000000000000056e-01,9.900000000000000000e+01,2.142000000000000171e+01,1.142999999999999972e+01,4.600000000000000200e-01,4.699999999999999734e-01,5.919999999999999929e+00,9.043305984555985333e+00
5.500000000000000444e-01,1.500000000000000222e-01,9.600000000000000000e+01,2.144999999999999929e+01,1.169999999999999929e+01,3.900000000000000133e-01,4.699999999999999734e-01,5.809999999999999609e+00,9.358425323204741630e+00
5.500000000000000444e-01,2.000000000000000111e-01,9.600000000000000000e+01,2.139499999999999957e+01,1.241999999999999993e+01,4.699999999999999734e-01,5.100000000000000089e-01,6.269999999999999574e+00,8.380827847532192010e+00
5.500000000000000444e-01,2.500000000000000000e-01,9.800000000000000000e+01,2.198999999999999844e+01,1.252999999999999936e+01,5.000000000000000000e-01,5.000000000000000000e-01,6.290000000000000036e+00,8.631997880233173603e+00
5.500000000000000444e-01,3.000000000000000444e-01,9.600000000000000000e+01,2.198000000000000043e+01,1.157000000000000028e+01,5.999999999999999778e-01,3.800000000000000044e-01,6.110000000000000320e+00,8.800169442572448375e+00
5.500000000000000444e-01,3.500000000000000333e-01,9.800000000000000000e+01,2.153500000000000014e+01,1.183999999999999986e+01,4.500000000000000111e-01,5.400000000000000355e-01,5.959999999999999964e+00,8.630782449445103310e+00
5.500000000000000444e-01,4.000000000000000222e-01,9.900000000000000000e+01,2.141499999999999915e+01,1.118999999999999950e+01,3.900000000000000133e-01,4.299999999999999933e-01,5.719999999999999751e+00,9.903980769230770420e+00
5.500000000000000444e-01,4.500000000000000111e-01,9.300000000000000000e+01,2.450499999999999901e+01,1.042999999999999972e+01,2.479999999999999982e+00,4.099999999999999756e-01,7.129999999999999893e+00,4.845316205533596765e+00
5.500000000000000444e-01,5.000000000000000000e-01,9.500000000000000000e+01,2.228500000000000014e+01,1.263000000000000078e+01,7.700000000000000178e-01,4.899999999999999911e-01,6.589999999999999858e+00,7.374187079991330052e+00
5.500000000000000444e-01,5.500000000000000444e-01,8.400000000000000000e+01,2.603999999999999915e+01,1.050000000000000000e+01,4.190000000000000391e+00,4.400000000000000022e-01,7.889999999999999680e+00,3.654268679550925381e+00
5.500000000000000444e-01,6.000000000000000888e-01,9.500000000000000000e+01,2.227499999999999858e+01,1.135999999999999943e+01,9.899999999999999911e-01,4.099999999999999756e-01,6.299999999999999822e+00,7.144599009032709169e+00
5.500000000000000444e-01,6.500000000000000222e-01,8.800000000000000000e+01,2.689499999999999957e+01,1.002999999999999936e+01,3.950000000000000178e+00,6.400000000000000133e-01,8.390000000000000568e+00,3.625529527321289969e+00
5.500000000000000444e-01,7.000000000000000666e-01,8.500000000000000000e+01,2.449500000000000099e+01,1.008999999999999986e+01,3.720000000000000195e+00,3.800000000000000044e-01,7.780000000000000249e+00,3.660454921042967324e+00
5.500000000000000444e-01,7.500000000000000000e-01,7.900000000000000000e+01,2.770499999999999829e+01,1.130000000000000071e+01,5.040000000000000036e+00,6.700000000000000400e-01,9.140000000000000568e+00,3.006981969776997499e+00
5.500000000000000444e-01,8.000000000000000444e-01,8.700000000000000000e+01,2.756500000000000128e+01,1.072000000000000064e+01,4.309999999999999609e+00,5.400000000000000355e-01,9.039999999999999147e+00,3.418452610126915037e+00
5.500000000000000444e-01,8.500000000000000888e-01,8.900000000000000000e+01,2.731500000000000128e+01,1.016999999999999993e+01,4.639999999999999680e+00,4.000000000000000222e-01,8.609999999999999432e+00,3.596482885837262167e+00
5.500000000000000444e-01,9.000000000000000222e-01,9.400000000000000000e+01,2.841499999999999915e+01,1.039000000000000057e+01,4.769999999999999574e+00,5.600000000000000533e-01,8.449999999999999289e+00,3.945889412402929786e+00
5.500000000000000444e-01,9.500000000000000666e-01,6.700000000000000000e+01,2.314999999999999858e+01,1.072000000000000064e+01,6.969999999999999751e+00,7.399999999999999911e-01,9.949999999999999289e+00,1.900548006303707904e+00
5.500000000000000444e-01,1.000000000000000000e+00,5.400000000000000000e+01,1.694000000000000128e+01,1.543999999999999950e+01,4.719999999999999751e+00,1.040000000000000036e+00,1.139000000000000057e+01,1.233719981407839672e+00
6.000000000000000888e-01,0.000000000000000000e+00,9.800000000000000000e+01,2.123000000000000043e+01,1.164000000000000057e+01,4.099999999999999756e-01,4.400000000000000022e-01,5.690000000000000391e+00,9.872858135447746264e+00
6.000000000000000888e-01,5.000000000000000278e-02,9.700000000000000000e+01,2.110000000000000142e+01,1.169999999999999929e+01,4.000000000000000222e-01,4.400000000000000022e-01,5.740000000000000213e+00,9.744359756097560776e+00
6.000000000000000888e-01,1.000000000000000056e-01,9.600000000000000000e+01,2.232000000000000028e+01,1.216000000000000014e+01,4.600000000000000200e-01,4.899999999999999911e-01,6.429999999999999716e+00,8.375406946604458724e+00
6.000000000000000888e-01,1.500000000000000222e-01,9.700000000000000000e+01,2.087500000000000000e+01,1.091999999999999993e+01,3.900000000000000133e-01,4.899999999999999911e-01,5.839999999999999858e+00,8.762922145285470421e+00
6.000000000000000888e-01,2.000000000000000111e-01,9.600000000000000000e+01,2.163500000000000156e+01,1.214000000000000057e+01,4.099999999999999756e-01,4.699999999999999734e-01,5.990000000000000213e+00,9.232246336486738869e+00
6.000000000000000888e-01,2.500000000000000000e-01,9.900000000000000000e+01,2.224500000000000099e+01,1.168999999999999950e+01,5.100000000000000089e-01,4.199999999999999845e-01,5.940000000000000391e+00,9.480339506172839492e+00
6.000000000000000888e-01,3.000000000000000444e-01,9.600000000000000000e+01,2.180499999999999972e+01,1.096000000000000085e+01,7.500000000000000000e-01,5.300000000000000266e-01,5.990000000000000213e+00,7.376453204696592714e+00
6.000000000000000888e-01,3.500000000000000333e-01,9.400000000000000000e+01,2.176500000000000057e+01,1.203999999999999915e+01,5.500000000000000444e-01,3.699999999999999956e-01,5.919999999999999929e+00,9.383856981981981704e+00
6.000000000000000888e-01,4.000000000000000222e-01,9.600000000000000000e+01,2.194000000000000128e+01,1.089000000000000057e+01,7.099999999999999645e-01,4.000000000000000222e-01,6.129999999999999893e+00,7.953698994198545869e+00
6.000000000000000888e-01,4.500000000000000111e-01,9.900000000000000000e+01,2.233999999999999986e+01,1.255000000000000071e+01,5.000000000000000000e-01,4.500000000000000111e-01,6.259999999999999787e+00,9.203701506161571899e+00
6.000000000000000888e-01,5.000000000000000000e-01,8.600000000000000000e+01,2.451500000000000057e+01,1.022000000000000064e+01,3.020000000000000018e+00,5.000000000000000000e-01,7.240000000000000213e+00,4.119940971935901253e+00
6.000000000000000888e-01,5.500000000000000444e-01,9.200000000000000000e+01,2.141499999999999915e+01,1.290000000000000036e+01,4.899999999999999911e-01,6.300000000000000044e-01,6.339999999999999858e+00,7.386223524109960081e+00
6.000000000000000888e-01,6.000000000000000888e-01,6.100000000000000000e+01,2.460500000000000043e+01,1.566999999999999993e+01,3.529999999999999805e+00,5.200000000000000178e-01,1.014000000000000057e+01,2.305278799217950869e+00
6.000000000000000888e-01,6.500000000000000222e-01,9.600000000000000000e+01,2.123999999999999844e+01,1.149000000000000021e+01,7.600000000000000089e-01,4.400000000000000022e-01,5.820000000000000284e+00,8.126084988684938892e+00
6.000000000000000888e-01,7.000000000000000666e-01,8.300000000000000000e+01,2.858500000000000085e+01,1.113000000000000078e+01,4.690000000000000391e+00,4.199999999999999845e-01,9.369999999999999218e+00,3.245205476676168654e+00
6.000000000000000888e-01,7.500000000000000000e-01,9.600000000000000000e+01,2.352499999999999858e+01,1.067999999999999972e+01,1.620000000000000107e+00,5.600000000000000533e-01,6.879999999999999893e+00,5.458080122220335006e+00
6.000000000000000888e-01,8.000000000000000444e-01,9.500000000000000000e+01,2.204500000000000171e+01,1.274000000000000021e+01,6.500000000000000222e-01,5.100000000000000089e-01,6.339999999999999858e+00,7.875705292884263464e+00
6.000000000000000888e-01,8.500000000000000888e-01,8.900000000000000000e+01,2.732000000000000028e+01,1.144999999999999929e+01,4.250000000000000000e+00,4.899999999999999911e-01,8.830000000000000071e+00,3.636317265362953410e+00
6.000000000000000888e-01,9.000000000000000222e-01,6.700000000000000000e+01,2.760000000000000142e+01,1.234999999999999964e+01,6.929999999999999716e+00,6.400000000000000133e-01,1.066000000000000014e+01,2.112891659601501715e+00
6.000000000000000888e-01,9.500000000000000666e-01,5.700000000000000000e+01,1.989000000000000057e+01,1.528999999999999915e+01,3.419999999999999929e+00,6.800000000000000488e-01,9.349999999999999645e+00,1.992560221958695976e+00
6.000000000000000888e-01,1.000000000000000000e+00,3.200000000000000000e+01,1.275999999999999979e+01,1.792999999999999972e+01,5.610000000000000320e+00,7.399999999999999911e-01,1.159999999999999964e+01,6.310525752638490582e-01
6.500000000000000222e-01,0.000000000000000000e+00,9.700000000000000000e+01,2.143499999999999872e+01,1.182000000000000028e+01,2.899999999999999800e-01,3.200000000000000067e-01,5.740000000000000213e+00,1.221350146116668611e+01
6.500000000000000222e-01,5.000000000000000278e-02,9.800000000000000000e+01,2.131500000000000128e+01,1.053999999999999915e+01,4.500000000000000111e-01,4.199999999999999845e-01,5.820000000000000284e+00,9.092307067316657054e+00
6.500000000000000222e-01,1.000000000000000056e-01,9.900000000000000000e+01,2.198499999999999943e+01,1.125999999999999979e+01,2.700000000000000178e-01,4.600000000000000200e-01,5.929999999999999716e+00,9.989106593733614758e+00
6.500000000000000222e-01,1.500000000000000222e-01,9.600000000000000000e+01,2.185999999999999943e+01,1.238000000000000078e+01,4.099999999999999756e-01,4.500000000000000111e-01,5.910000000000000142e+00,9.691212461735187134e+00
6.500000000000000222e-01,2.000000000000000111e-01,9.800000000000000000e+01,2.194999999999999929e+01,1.103999999999999915e+01,4.799999999999999822e-01,4.099999999999999756e-01,5.959999999999999964e+00,9.194772844605058282e+00
6.500000000000000222e-01,2.500000000000000000e-01,9.800000000000000000e+01,2.292000000000000171e+01,1.336999999999999922e+01,5.200000000000000178e-01,4.199999999999999845e-01,6.639999999999999680e+00,9.186545003543587384e+00
6.500000000000000222e-01,3.000000000000000444e-01,9.700000000000000000e+01,2.126999999999999957e+01,1.164000000000000057e+01,5.600000000000000533e-01,5.100000000000000089e-01,5.950000000000000178e+00,8.271630890330815333e+00
6.500000000000000222e-01,3.500000000000000333e-01,9.700000000000000000e+01,2.260000000000000142e+01,1.086999999999999922e+01,6.400000000000000133e-01,4.099999999999999756e-01,6.280000000000000249e+00,8.090668353546810465e+00
6.500000000000000222e-01,4.000000000000000222e-01,9.600000000000000000e+01,2.138500000000000156e+01,1.163000000000000078e+01,3.499999999999999778e-01,4.199999999999999845e-01,5.740000000000000213e+00,1.011469329195092826e+01
6.500000000000000222e-01,4.500000000000000111e-01,7.500000000000000000e+01,1.898000000000000043e+01,1.514000000000000057e+01,9.599999999999999645e-01,6.600000000000000311e-01,8.419999999999999929e+00,4.056538317289660966e+00
6.500000000000000222e-01,5.000000000000000000e-01,9.300000000000000000e+01,2.249500000000000099e+01,1.144999999999999929e+01,1.189999999999999947e+00,4.199999999999999845e-01,6.200000000000000178e+00,6.758486453201970612e+00
6.500000000000000222e-01,5.500000000000000444e-01,9.200000000000000000e+01,2.301000000000000156e+01,1.205000000000000071e+01,1.030000000000000027e+00,4.799999999999999822e-01,6.549999999999999822e+00,6.633987341286585959e+00
6.500000000000000222e-01,6.000000000000000888e-01,6.200000000000000000e+01,2.780999999999999872e+01,1.581000000000000050e+01,4.120000000000000107e+00,5.200000000000000178e-01,1.050000000000000000e+01,2.365790919158361039e+00
6.500000000000000222e-01,6.500000000000000222e-01,8.800000000000000000e+01,2.862000000000000099e+01,1.108999999999999986e+01,4.259999999999999787e+00,4.799999999999999822e-01,9.230000000000000426e+00,3.538885609560694867e+00
6.500000000000000222e-01,7.000000000000000666e-01,9.100000000000000000e+01,2.482000000000000028e+01,1.133000000000000007e+01,2.029999999999999805e+00,3.800000000000000044e-01,7.400000000000000355e+00,5.049728664148019242e+00
6.500000000000000222e-01,7.500000000000000000e-01,8.700000000000000000e+01,2.688500000000000156e+01,1.007000000000000028e+01,4.330000000000000071e+00,5.300000000000000266e-01,8.310000000000000497e+00,3.597057225909727762e+00
6.500000000000000222e-01,8.000000000000000444e-01,9.600000000000000000e+01,2.244000000000000128e+01,1.242999999999999972e+01,6.600000000000000311e-01,4.699999999999999734e-01,6.679999999999999716e+00,7.690778443113773122e+00
6.500000000000000222e-01,8.500000000000000888e-01,9.300000000000000000e+01,2.086499999999999844e+01,1.267999999999999972e+01,1.389999999999999902e+00,5.000000000000000000e-01,7.009999999999999787e+00,5.583549830188791141e+00
6.500000000000000222e-01,9.000000000000000222e-01,8.100000000000000000e+01,2.562500000000000000e+01,1.078999999999999915e+01,5.059999999999999609e+00,7.199999999999999734e-01,9.140000000000000568e+00,2.859370897155361302e+00
6.500000000000000222e-01,9.500000000000000666e-01,6.600000000000000000e+01,2.442000000000000171e+01,1.218999999999999950e+01,6.940000000000000391e+00,8.100000000000000533e-01,1.091000000000000014e+01,1.821882008275011566e+00
6.500000000000000222e-01,1.000000000000000000e+00,2.500000000000000000e+01,9.615000000000000213e+00,2.321999999999999886e+01,3.430000000000000160e+00,4.899999999999999911e-01,1.368999999999999950e+01,5.601940191708530969e-01
7.000000000000000666e-01,0.000000000000000000e+00,9.500000000000000000e+01,2.154500000000000171e+01,1.239000000000000057e+01,5.500000000000000444e-01,5.600000000000000533e-01,6.280000000000000249e+00,7.748497511346733368e+00
7.000000000000000666e-01,5.000000000000000278e-02,9.700000000000000000e+01,2.226999999999999957e+01,1.233000000000000007e+01,4.099999999999999756e-01,4.000000000000000222e-01,6.160000000000000142e+00,9.925230626811204715e+00
7.000000000000000666e-01,1.000000000000000056e-01,9.700000000000000000e+01,2.126500000000000057e+01,1.173000000000000043e+01,3.699999999999999956e-01,5.500000000000000444e-01,5.780000000000000249e+00,8.925236388673116750e+00
7.000000000000000666e-01,1.500000000000000222e-01,9.600000000000000000e+01,2.205000000000000071e+01,1.263000000000000078e+01,4.099999999999999756e-01,4.600000000000000200e-01,6.230000000000000426e+00,9.250973340252718558e+00
7.000000000000000666e-01,2.000000000000000111e-01,9.600000000000000000e+01,2.158999999999999986e+01,1.186999999999999922e+01,4.400000000000000022e-01,3.699999999999999956e-01,5.950000000000000178e+00,9.975495228599914554e+00
7.000000000000000666e-01,2.500000000000000000e-01,9.400000000000000000e+01,2.276500000000000057e+01,1.150000000000000000e+01,8.399999999999999689e-01,4.099999999999999756e-01,6.459999999999999964e+00,7.344782162706552597e+00
7.000000000000000666e-01,3.000000000000000444e-01,9.400000000000000000e+01,2.171499999999999986e+01,1.107000000000000028e+01,9.699999999999999734e-01,4.899999999999999911e-01,5.980000000000000426e+00,6.982831232312837422e+00
7.000000000000000666e-01,3.500000000000000333e-01,9.500000000000000000e+01,2.187000000000000099e+01,1.007000000000000028e+01,7.199999999999999734e-01,3.400000000000000244e-01,5.790000000000000036e+00,8.309042684431286574e+00
7.000000000000000666e-01,4.000000000000000222e-01,9.600000000000000000e+01,2.298999999999999844e+01,1.191000000000000014e+01,8.299999999999999600e-01,3.300000000000000155e-01,6.480000000000000426e+00,8.142689535172756621e+00
7.000000000000000666e-01,4.500000000000000111e-01,9.500000000000000000e+01,2.239000000000000057e+01,1.098000000000000043e+01,1.100000000000000089e+00,4.500000000000000111e-01,6.209999999999999964e+00,6.784621578099838679e+00
7.000000000000000666e-01,5.000000000000000000e-01,9.300000000000000000e+01,2.315500000000000114e+01,1.130000000000000071e+01,1.489999999999999991e+00,5.200000000000000178e-01,6.830000000000000071e+00,5.585529979918865351e+00
7.000000000000000666e-01,5.500000000000000444e-01,9.400000000000000000e+01,2.365500000000000114e+01,1.160999999999999943e+01,1.780000000000000027e+00,5.100000000000000089e-01,7.009999999999999787e+00,5.396044426329733135e+00
7.000000000000000666e-01,6.000000000000000888e-01,9.000000000000000000e+01,2.358999999999999986e+01,1.061999999999999922e+01,2.450000000000000178e+00,4.699999999999999734e-01,6.839999999999999858e+00,4.752759664648346316e+00
7.000000000000000666e-01,6.500000000000000222e-01,9.000000000000000000e+01,2.600000000000000000e+01,9.300000000000000711e+00,3.629999999999999893e+00,4.299999999999999933e-01,7.759999999999999787e+00,3.976362133492526318e+00
7.000000000000000666e-01,7.000000000000000666e-01,8.500000000000000000e+01,2.531500000000000128e+01,1.085999999999999943e+01,3.169999999999999929e+00,5.699999999999999512e-01,7.870000000000000107e+00,3.822719614265456922e+00
7.000000000000000666e-01,7.500000000000000000e-01,9.500000000000000000e+01,2.158500000000000085e+01,1.191999999999999993e+01,8.100000000000000533e-01,3.699999999999999956e-01,6.259999999999999787e+00,7.943925847675975760e+00
7.000000000000000666e-01,8.000000000000000444e-01,8.200000000000000000e+01,2.585999999999999943e+01,1.036999999999999922e+01,4.540000000000000036e+00,5.500000000000000444e-01,8.669999999999999929e+00,3.141404860650976349e+00
7.000000000000000666e-01,8.500000000000000888e-01,8.400000000000000000e+01,2.598999999999999844e+01,1.073000000000000043e+01,4.639999999999999680e+00,4.799999999999999822e-01,8.929999999999999716e+00,3.165688689809630585e+00
7.000000000000000666e-01,9.000000000000000222e-01,4.400000000000000000e+01,2.426500000000000057e+01,1.256000000000000050e+01,7.599999999999999645e+00,6.400000000000000133e-01,1.090000000000000036e+01,1.207887098107281787e+00
7.000000000000000666e-01,9.500000000000000666e-01,7.400000000000000000e+01,2.039000000000000057e+01,1.315000000000000036e+01,3.200000000000000178e+00,8.900000000000000133e-01,8.699999999999999289e+00,2.632720029543461404e+00
7.000000000000000666e-01,1.000000000000000000e+00,1.400000000000000000e+01,6.625000000000000000e+00,2.544999999999999929e+01,3.660000000000000142e+00,5.799999999999999600e-01,1.491999999999999993e+01,2.603449378705794959e-01
7.500000000000000000e-01,0.000000000000000000e+00,9.800000000000000000e+01,2.143499999999999872e+01,1.124000000000000021e+01,4.000000000000000222e-01,4.600000000000000200e-01,5.719999999999999751e+00,9.507988450942995939e+00
7.500000000000000000e-01,5.000000000000000278e-02,9.800000000000000000e+01,2.226000000000000156e+01,1.166999999999999993e+01,3.800000000000000044e-01,3.699999999999999956e-01,6.120000000000000107e+00,1.023852941176470566e+01
7.500000000000000000e-01,1.000000000000000056e-01,9.600000000000000000e+01,2.185500000000000043e+01,1.351999999999999957e+01,4.899999999999999911e-01,5.200000000000000178e-01,6.160000000000000142e+00,8.914504710975297286e+00
7.500000000000000000e-01,1.500000000000000222e-01,9.600000000000000000e+01,2.119999999999999929e+01,1.138000000000000078e+01,4.199999999999999845e-01,5.500000000000000444e-01,5.870000000000000107e+00,8.364816641262439845e+00
7.500000000000000000e-01,2.000000000000000111e-01,9.800000000000000000e+01,2.207000000000000028e+01,1.207000000000000028e+01,4.000000000000000222e-01,4.699999999999999734e-01,6.309999999999999609e+00,9.023431653144736941e+00
7.500000000000000000e-01,2.500000000000000000e-01,9.700000000000000000e+01,2.142999999999999972e+01,1.055000000000000071e+01,6.700000000000000400e-01,3.699999999999999956e-01,5.809999999999999609e+00,8.574579289803590854e+00
7.500000000000000000e-01,3.000000000000000444e-01,9.600000000000000000e+01,2.328999999999999915e+01,1.178999999999999915e+01,8.900000000000000133e-01,4.400000000000000022e-01,6.570000000000000284e+00,7.296302143796918216e+00
7.500000000000000000e-01,3.500000000000000333e-01,9.500000000000000000e+01,2.173999999999999844e+01,1.219999999999999929e+01,6.400000000000000133e-01,4.400000000000000022e-01,6.259999999999999787e+00,8.171405750798722778e+00
7.500000000000000000e-01,4.000000000000000222e-01,9.600000000000000000e+01,2.157999999999999829e+01,1.101999999999999957e+01,7.199999999999999734e-01,4.500000000000000111e-01,5.740000000000000213e+00,8.159979352174474343e+00
7.500000000000000000e-01,4.500000000000000111e-01,9.700000000000000000e+01,2.281500000000000128e+01,1.130000000000000071e+01,8.199999999999999512e-01,3.499999999999999778e-01,6.179999999999999716e+00,8.248428291602794005e+00
7.500000000000000000e-01,5.000000000000000000e-01,9.400000000000000000e+01,2.155499999999999972e+01,1.176999999999999957e+01,7.900000000000000355e-01,5.500000000000000444e-01,6.219999999999999751e+00,7.022049796696098412e+00
7.500000000000000000e-01,5.500000000000000444e-01,9.700000000000000000e+01,2.118499999999999872e+01,1.089000000000000057e+01,7.500000000000000000e-01,4.000000000000000222e-01,6.099999999999999645e+00,7.837635906927551410e+00
7.500000000000000000e-01,6.000000000000000888e-01,9.400000000000000000e+01,2.332000000000000028e+01,1.224000000000000021e+01,1.300000000000000044e+00,4.400000000000000022e-01,6.660000000000000142e+00,6.461260159241811074e+00
7.500000000000000000e-01,6.500000000000000222e-01,9.100000000000000000e+01,2.585999999999999943e+01,9.189999999999999503e+00,3.919999999999999929e+00,5.000000000000000000e-01,7.500000000000000000e+00,4.044227425474254289e+00
7.500000000000000000e-01,7.000000000000000666e-01,9.100000000000000000e+01,2.054500000000000171e+01,1.041000000000000014e+01,9.899999999999999911e-01,4.199999999999999845e-01,5.650000000000000355e+00,6.973837081096764479e+00
7.500000000000000000e-01,7.500000000000000000e-01,8.400000000000000000e+01,2.685999999999999943e+01,1.300000000000000000e+01,3.759999999999999787e+00,5.799999999999999600e-01,9.000000000000000000e+00,3.493383197831978482e+00
7.500000000000000000e-01,8.000000000000000444e-01,8.500000000000000000e+01,2.732999999999999829e+01,1.049000000000000021e+01,4.320000000000000284e+00,5.200000000000000178e-01,8.580000000000000071e+00,3.483054134919806089e+00
7.500000000000000000e-01,8.500000000000000888e-01,8.300000000000000000e+01,2.623499999999999943e+01,1.034999999999999964e+01,4.379999999999999893e+00,7.600000000000000089e-01,8.859999999999999432e+00,3.115024582010177401e+00
7.500000000000000000e-01,9.000000000000000222e-01,7.400000000000000000e+01,2.391000000000000014e+01,1.150999999999999979e+01,5.740000000000000213e+00,1.100000000000000089e+00,9.839999999999999858e+00,2.234174960578321212e+00
7.500000000000000000e-01,9.500000000000000666e-01,7.300000000000000000e+01,2.448000000000000043e+01,1.265000000000000036e+01,5.150000000000000355e+00,9.499999999999999556e-01,1.007000000000000028e+01,2.294918830597167503e+00
7.500000000000000000e-01,1.000000000000000000e+00,6.000000000000000000e+00,4.615000000000000213e+00,2.458999999999999986e+01,3.180000000000000160e+00,7.700000000000000178e-01,1.415000000000000036e+01,1.079320836078337259e-01
8.000000000000000444e-01,0.000000000000000000e+00,9.800000000000000000e+01,2.226999999999999957e+01,1.350000000000000000e+01,4.799999999999999822e-01,4.699999999999999734e-01,6.219999999999999751e+00,9.500354603505275719e+00
8.000000000000000444e-01,5.000000000000000278e-02,1.000000000000000000e+02,2.133500000000000085e+01,1.072000000000000064e+01,3.900000000000000133e-01,4.299999999999999933e-01,5.690000000000000391e+00,9.778383128295255133e+00
8.000000000000000444e-01,1.000000000000000056e-01,9.600000000000000000e+01,2.130000000000000071e+01,1.197000000000000064e+01,4.600000000000000200e-01,4.099999999999999756e-01,5.990000000000000213e+00,9.408681135225373637e+00
8.000000000000000444e-01,1.500000000000000222e-01,9.900000000000000000e+01,2.125499999999999901e+01,1.140000000000000036e+01,3.699999999999999956e-01,5.200000000000000178e-01,5.450000000000000178e+00,9.735682803045088818e+00
8.000000000000000444e-01,2.000000000000000111e-01,9.700000000000000000e+01,2.144999999999999929e+01,1.108000000000000007e+01,4.299999999999999933e-01,4.099999999999999756e-01,5.769999999999999574e+00,9.566519930675910999e+00
8.000000000000000444e-01,2.500000000000000000e-01,9.600000000000000000e+01,2.186499999999999844e+01,1.251999999999999957e+01,6.500000000000000222e-01,6.099999999999999867e-01,6.269999999999999574e+00,7.448152905355269304e+00
8.000000000000000444e-01,3.000000000000000444e-01,9.400000000000000000e+01,2.084499999999999886e+01,1.184999999999999964e+01,7.099999999999999645e-01,5.200000000000000178e-01,5.929999999999999716e+00,7.597786075644423320e+00
8.000000000000000444e-01,3.500000000000000333e-01,9.700000000000000000e+01,2.141499999999999915e+01,1.113000000000000078e+01,5.400000000000000355e-01,5.300000000000000266e-01,5.870000000000000107e+00,8.136763202725724398e+00
8.000000000000000444e-01,4.000000000000000222e-01,9.700000000000000000e+01,2.202499999999999858e+01,1.259999999999999964e+01,5.600000000000000533e-01,3.699999999999999956e-01,6.129999999999999893e+00,9.619968001003888602e+00
8.000000000000000444e-01,4.500000000000000111e-01,9.200000000000000000e+01,2.228000000000000114e+01,1.155000000000000071e+01,9.699999999999999734e-01,4.000000000000000222e-01,6.429999999999999716e+00,6.922419801249439786e+00
8.000000000000000444e-01,5.000000000000000000e-01,9.700000000000000000e+01,2.237500000000000000e+01,1.199000000000000021e+01,7.099999999999999645e-01,5.100000000000000089e-01,6.269999999999999574e+00,7.750337647850577660e+00
8.000000000000000444e-01,5.500000000000000444e-01,9.500000000000000000e+01,2.224500000000000099e+01,1.055000000000000071e+01,1.310000000000000053e+00,4.699999999999999734e-01,6.389999999999999680e+00,6.095544253173361682e+00
8.000000000000000444e-01,6.000000000000000888e-01,9.200000000000000000e+01,2.339000000000000057e+01,1.093999999999999950e+01,1.449999999999999956e+00,4.099999999999999756e-01,6.570000000000000284e+00,5.974753485003923004e+00
8.000000000000000444e-01,6.500000000000000222e-01,9.200000000000000000e+01,2.344000000000000128e+01,1.116999999999999993e+01,1.560000000000000053e+00,3.900000000000000133e-01,6.709999999999999964e+00,5.831787738672984389e+00
8.000000000000000444e-01,7.000000000000000666e-01,9.400000000000000000e+01,2.297500000000000142e+01,1.298000000000000043e+01,1.189999999999999947e+00,5.699999999999999512e-01,6.860000000000000320e+00,6.201569401519038571e+00
8.000000000000000444e-01,7.500000000000000000e-01,9.100000000000000000e+01,2.617500000000000071e+01,1.031000000000000050e+01,3.600000000000000089e+00,4.799999999999999822e-01,8.050000000000000711e+00,3.981262395118229769e+00
8.000000000000000444e-01,8.000000000000000444e-01,6.900000000000000000e+01,2.510000000000000142e+01,1.450999999999999979e+01,4.290000000000000036e+00,7.299999999999999822e-01,1.009999999999999964e+01,2.404336633663366474e+00
8.000000000000000444e-01,8.500000000000000888e-01,9.300000000000000000e+01,2.176999999999999957e+01,1.261999999999999922e+01,1.100000000000000089e+00,4.600000000000000200e-01,6.950000000000000178e+00,6.257106773986750525e+00
8.000000000000000444e-01,9.000000000000000222e-01,8.700000000000000000e+01,2.033500000000000085e+01,1.176999999999999957e+01,1.290000000000000036e+00,7.299999999999999822e-01,6.599999999999999645e+00,4.937249999999999694e+00
8.000000000000000444e-01,9.500000000000000666e-01,5.700000000000000000e+01,2.276999999999999957e+01,1.436999999999999922e+01,5.629999999999999893e+00,7.399999999999999911e-01,1.077999999999999936e+01,1.631447241727530972e+00
8.000000000000000444e-01,1.000000000000000000e+00,5.000000000000000000e+00,2.785000000000000142e+00,2.598000000000000043e+01,2.459999999999999964e+00,6.400000000000000133e-01,1.488000000000000078e+01,1.027254578517624028e-01
8.500000000000000888e-01,0.000000000000000000e+00,9.800000000000000000e+01,2.076500000000000057e+01,1.018999999999999950e+01,4.299999999999999933e-01,4.000000000000000222e-01,5.519999999999999574e+00,9.569773035230353386e+00
8.500000000000000888e-01,5.000000000000000278e-02,9.400000000000000000e+01,2.069000000000000128e+01,1.167999999999999972e+01,4.600000000000000200e-01,6.400000000000000133e-01,5.690000000000000391e+00,7.853803203846231540e+00
8.500000000000000888e-01,1.000000000000000056e-01,9.800000000000000000e+01,2.248000000000000043e+01,1.233000000000000007e+01,5.600000000000000533e-01,5.200000000000000178e-01,6.650000000000000355e+00,7.855473684210526386e+00
8.500000000000000888e-01,1.500000000000000222e-01,9.700000000000000000e+01,2.235500000000000043e+01,1.238000000000000078e+01,5.000000000000000000e-01,3.699999999999999956e-01,6.389999999999999680e+00,9.455675955373820329e+00
8.500000000000000888e-01,2.000000000000000111e-01,9.900000000000000000e+01,2.172500000000000142e+01,1.123000000000000043e+01,3.900000000000000133e-01,3.800000000000000044e-01,5.740000000000000213e+00,1.048397401908801818e+01
8.500000000000000888e-01,2.500000000000000000e-01,9.700000000000000000e+01,2.202499999999999858e+01,1.147000000000000064e+01,6.199999999999999956e-01,5.000000000000000000e-01,6.219999999999999751e+00,7.851383926799253565e+00
8.500000000000000888e-01,3.000000000000000444e-01,9.200000000000000000e+01,2.293499999999999872e+01,1.255000000000000071e+01,1.040000000000000036e+00,4.199999999999999845e-01,6.629999999999999893e+00,6.887806553063125392e+00
8.500000000000000888e-01,3.500000000000000333e-01,9.400000000000000000e+01,2.094500000000000028e+01,1.106000000000000050e+01,6.999999999999999556e-01,4.799999999999999822e-01,5.759999999999999787e+00,7.767337893239625757e+00
8.500000000000000888e-01,4.000000000000000222e-01,9.800000000000000000e+01,2.167999999999999972e+01,1.227999999999999936e+01,5.600000000000000533e-01,4.199999999999999845e-01,5.919999999999999929e+00,9.397027027027027302e+00
8.500000000000000888e-01,4.500000000000000111e-01,9.700000000000000000e+01,2.362500000000000000e+01,1.255000000000000071e+01,1.020000000000000018e+00,3.800000000000000044e-01,6.820000000000000284e+00,7.371324013970806277e+00
8.500000000000000888e-01,5.000000000000000000e-01,9.600000000000000000e+01,2.255999999999999872e+01,1.242999999999999972e+01,8.399999999999999689e-01,4.000000000000000222e-01,6.490000000000000213e+00,7.821570145439512345e+00
8.500000000000000888e-01,5.500000000000000444e-01,9.100000000000000000e+01,2.172500000000000142e+01,1.275999999999999979e+01,7.500000000000000000e-01,5.200000000000000178e-01,6.639999999999999680e+00,6.885159562832334323e+00
8.500000000000000888e-01,6.000000000000000888e-01,9.000000000000000000e+01,2.266000000000000014e+01,1.124000000000000021e+01,1.659999999999999920e+00,3.800000000000000044e-01,6.519999999999999574e+00,5.692432692795214244e+00
8.500000000000000888e-01,6.500000000000000222e-01,8.900000000000000000e+01,2.382999999999999829e+01,1.134999999999999964e+01,1.939999999999999947e+00,6.099999999999999867e-01,7.360000000000000320e+00,4.618941421298844219e+00
8.500000000000000888e-01,7.000000000000000666e-01,9.100000000000000000e+01,2.478999999999999915e+01,1.167999999999999972e+01,2.479999999999999982e+00,5.999999999999999778e-01,7.849999999999999645e+00,4.345470506784824494e+00
8.500000000000000888e-01,7.500000000000000000e-01,9.100000000000000000e+01,2.426500000000000057e+01,1.164000000000000057e+01,2.729999999999999982e+00,5.600000000000000533e-01,7.440000000000000391e+00,4.447075391006842793e+00
8.500000000000000888e-01,8.000000000000000444e-01,9.200000000000000000e+01,2.284499999999999886e+01,1.174000000000000021e+01,1.909999999999999920e+00,5.500000000000000444e-01,7.179999999999999716e+00,4.926270555900018167e+00
8.500000000000000888e-01,8.500000000000000888e-01,7.900000000000000000e+01,2.456500000000000128e+01,1.131000000000000050e+01,4.469999999999999751e+00,6.600000000000000311e-01,8.640000000000000568e+00,2.960531537852619799e+00
8.500000000000000888e-01,9.000000000000000222e-01,7.500000000000000000e+01,2.500000000000000000e+01,1.100999999999999979e+01,5.309999999999999609e+00,8.900000000000000133e-01,9.429999999999999716e+00,2.482362056097411340e+00
8.500000000000000888e-01,9.500000000000000666e-01,5.200000000000000000e+01,2.000000000000000000e+01,1.122000000000000064e+01,8.509999999999999787e+00,8.399999999999999689e-01,1.100000000000000000e+01,1.153658667142474670e+00
8.500000000000000888e-01,1.000000000000000000e+00,1.700000000000000000e+01,6.330000000000000071e+00,2.326000000000000156e+01,4.440000000000000391e+00,1.020000000000000018e+00,1.573000000000000043e+01,2.235832293408050730e-01
9.000000000000000222e-01,0.000000000000000000e+00,9.700000000000000000e+01,2.117500000000000071e+01,1.107000000000000028e+01,2.800000000000000266e-01,2.999999999999999889e-01,5.559999999999999609e+00,1.247273136036625374e+01
9.000000000000000222e-01,5.000000000000000278e-02,9.800000000000000000e+01,2.157499999999999929e+01,1.133000000000000007e+01,3.099999999999999978e-01,4.299999999999999933e-01,5.759999999999999787e+00,1.026108365978157799e+01
9.000000000000000222e-01,1.000000000000000056e-01,9.700000000000000000e+01,2.103999999999999915e+01,1.075999999999999979e+01,4.699999999999999734e-01,4.199999999999999845e-01,5.740000000000000213e+00,9.107685187647950542e+00
9.000000000000000222e-01,1.500000000000000222e-01,9.600000000000000000e+01,2.112500000000000000e+01,1.250999999999999979e+01,4.500000000000000111e-01,4.699999999999999734e-01,6.080000000000000071e+00,9.019736842105263719e+00
9.000000000000000222e-01,2.000000000000000111e-01,9.600000000000000000e+01,2.140500000000000114e+01,1.252999999999999936e+01,4.500000000000000111e-01,4.899999999999999911e-01,6.049999999999999822e+00,8.957982315205455848e+00
9.000000000000000222e-01,2.500000000000000000e-01,9.300000000000000000e+01,2.230499999999999972e+01,1.191999999999999993e+01,6.899999999999999467e-01,5.200000000000000178e-01,6.469999999999999751e+00,7.167711759923522941e+00
9.000000000000000222e-01,3.000000000000000444e-01,1.000000000000000000e+02,2.180999999999999872e+01,1.185999999999999943e+01,4.199999999999999845e-01,3.400000000000000244e-01,5.780000000000000249e+00,1.123482227115445120e+01
9.000000000000000222e-01,3.500000000000000333e-01,9.700000000000000000e+01,2.219500000000000028e+01,1.201999999999999957e+01,5.899999999999999689e-01,4.299999999999999933e-01,6.299999999999999822e+00,8.522700328407225356e+00
9.000000000000000222e-01,4.000000000000000222e-01,9.700000000000000000e+01,2.230499999999999972e+01,1.093999999999999950e+01,9.100000000000000311e-01,5.200000000000000178e-01,6.280000000000000249e+00,6.911408419075615761e+00
9.000000000000000222e-01,4.500000000000000111e-01,9.400000000000000000e+01,2.263500000000000156e+01,1.344999999999999929e+01,5.699999999999999512e-01,5.200000000000000178e-01,6.379999999999999893e+00,8.258319768687085727e+00
9.000000000000000222e-01,5.000000000000000000e-01,9.700000000000000000e+01,2.262000000000000099e+01,1.343999999999999950e+01,7.399999999999999911e-01,4.899999999999999911e-01,6.370000000000000107e+00,8.204009346135592295e+00
9.000000000000000222e-01,5.500000000000000444e-01,9.300000000000000000e+01,2.282499999999999929e+01,1.297000000000000064e+01,8.599999999999999867e-01,4.199999999999999845e-01,6.799999999999999822e+00,7.295391435986159578e+00
9.000000000000000222e-01,6.000000000000000888e-01,9.100000000000000000e+01,2.094000000000000128e+01,1.175999999999999979e+01,1.020000000000000018e+00,6.500000000000000222e-01,6.360000000000000320e+00,5.897238126219908949e+00
9.000000000000000222e-01,6.500000000000000222e-01,9.200000000000000000e+01,2.258999999999999986e+01,1.258999999999999986e+01,9.899999999999999911e-01,4.500000000000000111e-01,6.589999999999999858e+00,6.873545134121764377e+00
9.000000000000000222e-01,7.000000000000000666e-01,9.000000000000000000e+01,2.208999999999999986e+01,1.130000000000000071e+01,1.459999999999999964e+00,4.699999999999999734e-01,6.490000000000000213e+00,5.675038520801232167e+00
9.000000000000000222e-01,7.500000000000000000e-01,9.000000000000000000e+01,2.160000000000000142e+01,1.281000000000000050e+01,9.300000000000000488e-01,4.199999999999999845e-01,6.690000000000000391e+00,6.800334422740745843e+00
9.000000000000000222e-01,8.000000000000000444e-01,9.000000000000000000e+01,2.108999999999999986e+01,1.139000000000000057e+01,1.030000000000000027e+00,4.899999999999999911e-01,6.610000000000000320e+00,5.957791225416037229e+00
9.000000000000000222e-01,8.500000000000000888e-01,7.600000000000000000e+01,2.151999999999999957e+01,1.347000000000000064e+01,2.899999999999999911e+00,6.500000000000000222e-01,8.019999999999999574e+00,3.254976843605272840e+00
9.000000000000000222e-01,9.000000000000000222e-01,6.900000000000000000e+01,2.243499999999999872e+01,1.085999999999999943e+01,5.719999999999999751e+00,1.000000000000000000e+00,9.349999999999999645e+00,2.070881355462580675e+00
9.000000000000000222e-01,9.500000000000000666e-01,6.700000000000000000e+01,2.160999999999999943e+01,1.193999999999999950e+01,6.179999999999999716e+00,1.370000000000000107e+00,1.025999999999999979e+01,1.760824001958058993e+00
9.000000000000000222e-01,1.000000000000000000e+00,3.000000000000000000e+00,2.029999999999999805e+00,2.573999999999999844e+01,1.919999999999999929e+00,8.900000000000000133e-01,1.408999999999999986e+01,6.357067500431587415e-02
9.500000000000000666e-01,0.000000000000000000e+00,9.700000000000000000e+01,2.162999999999999901e+01,1.119999999999999929e+01,3.599999999999999867e-01,4.299999999999999933e-01,5.980000000000000426e+00,9.465012062064804610e+00
9.500000000000000666e-01,5.000000000000000278e-02,9.700000000000000000e+01,2.092000000000000171e+01,1.207000000000000028e+01,4.799999999999999822e-01,5.200000000000000178e-01,5.870000000000000107e+00,8.705734779879852780e+00
9.500000000000000666e-01,1.000000000000000056e-01,9.700000000000000000e+01,2.167000000000000171e+01,1.210999999999999943e+01,3.599999999999999867e-01,3.900000000000000133e-01,5.830000000000000071e+00,1.067519575095543338e+01
9.500000000000000666e-01,1.500000000000000222e-01,9.600000000000000000e+01,2.196000000000000085e+01,1.207000000000000028e+01,4.799999999999999822e-01,3.800000000000000044e-01,6.120000000000000107e+00,9.552232764073371740e+00
9.500000000000000666e-01,2.000000000000000111e-01,9.700000000000000000e+01,2.173499999999999943e+01,1.233000000000000007e+01,6.099999999999999867e-01,4.000000000000000222e-01,6.129999999999999893e+00,8.974275970983304873e+00
9.500000000000000666e-01,2.500000000000000000e-01,9.800000000000000000e+01,2.169999999999999929e+01,1.222000000000000064e+01,6.199999999999999956e-01,4.099999999999999756e-01,5.870000000000000107e+00,9.289873178118494224e+00
9.500000000000000666e-01,3.000000000000000444e-01,9.000000000000000000e+01,2.146999999999999886e+01,1.209999999999999964e+01,5.799999999999999600e-01,3.499999999999999778e-01,6.169999999999999929e+00,8.647366288492706943e+00
9.500000000000000666e-01,3.500000000000000333e-01,9.700000000000000000e+01,2.191499999999999915e+01,1.169999999999999929e+01,6.899999999999999467e-01,5.200000000000000178e-01,6.309999999999999609e+00,7.527418768263973270e+00
9.500000000000000666e-01,4.000000000000000222e-01,9.800000000000000000e+01,2.204500000000000171e+01,1.199000000000000021e+01,6.300000000000000044e-01,4.799999999999999822e-01,6.169999999999999929e+00,8.292439476876344528e+00
9.500000000000000666e-01,4.500000000000000111e-01,9.300000000000000000e+01,2.147500000000000142e+01,1.247000000000000064e+01,7.299999999999999822e-01,5.400000000000000355e-01,6.320000000000000284e+00,7.215300676620741704e+00
9.500000000000000666e-01,5.000000000000000000e-01,9.600000000000000000e+01,2.226999999999999957e+01,1.216000000000000014e+01,9.000000000000000222e-01,5.600000000000000533e-01,6.349999999999999645e+00,7.007124347080377902e+00
9.500000000000000666e-01,5.500000000000000444e-01,9.700000000000000000e+01,2.269000000000000128e+01,1.139000000000000057e+01,9.000000000000000222e-01,3.900000000000000133e-01,6.269999999999999574e+00,7.705705931495404393e+00
9.500000000000000666e-01,6.000000000000000888e-01,9.700000000000000000e+01,2.158500000000000085e+01,1.116000000000000014e+01,7.900000000000000355e-01,4.000000000000000222e-01,6.169999999999999929e+00,7.807237852053454219e+00
9.500000000000000666e-01,6.500000000000000222e-01,9.500000000000000000e+01,2.187999999999999901e+01,1.127999999999999936e+01,7.700000000000000178e-01,4.500000000000000111e-01,6.089999999999999858e+00,7.627761226315841192e+00
9.500000000000000666e-01,7.000000000000000666e-01,9.500000000000000000e+01,2.156500000000000128e+01,1.216999999999999993e+01,7.299999999999999822e-01,5.100000000000000089e-01,6.030000000000000249e+00,7.779939587775408505e+00
9.500000000000000666e-01,7.500000000000000000e-01,9.100000000000000000e+01,2.180999999999999872e+01,1.200000000000000000e+01,1.199999999999999956e+00,7.299999999999999822e-01,6.559999999999999609e+00,5.528681803594351685e+00
9.500000000000000666e-01,8.000000000000000444e-01,9.500000000000000000e+01,2.098999999999999844e+01,1.174000000000000021e+01,9.799999999999999822e-01,5.200000000000000178e-01,6.389999999999999680e+00,6.576783805141077188e+00
9.500000000000000666e-01,8.500000000000000888e-01,9.200000000000000000e+01,2.282000000000000028e+01,1.105000000000000071e+01,1.669999999999999929e+00,5.999999999999999778e-01,6.990000000000000213e+00,5.030477984976049477e+00
9.500000000000000666e-01,9.000000000000000222e-01,8.800000000000000000e+01,2.249500000000000099e+01,1.100000000000000000e+01,2.890000000000000124e+00,6.600000000000000311e-01,7.700000000000000178e+00,3.765292161520190195e+00
9.500000000000000666e-01,9.500000000000000666e-01,8.900000000000000000e+01,2.092000000000000171e+01,1.385999999999999943e+01,1.159999999999999920e+00,6.800000000000000488e-01,7.500000000000000000e+00,5.093173333333333552e+00
9.500000000000000666e-01,1.000000000000000000e+00,5.000000000000000000e+00,7.950000000000000400e-01,2.639000000000000057e+01,2.589999999999999858e+00,8.000000000000000444e-01,1.460999999999999943e+01,8.894016913906356570e-02
1.000000000000000000e+00,0.000000000000000000e+00,9.700000000000000000e+01,2.202499999999999858e+01,1.258999999999999986e+01,3.699999999999999956e-01,4.699999999999999734e-01,6.040000000000000036e+00,9.710880074313735122e+00
1.000000000000000000e+00,5.000000000000000278e-02,9.800000000000000000e+01,2.162500000000000000e+01,1.176999999999999957e+01,5.300000000000000266e-01,4.500000000000000111e-01,6.129999999999999893e+00,8.720573472204792509e+00
1.000000000000000000e+00,1.000000000000000056e-01,9.600000000000000000e+01,2.110999999999999943e+01,1.102999999999999936e+01,4.600000000000000200e-01,4.199999999999999845e-01,5.669999999999999929e+00,9.320374440374440184e+00
1.000000000000000000e+00,1.500000000000000222e-01,9.600000000000000000e+01,2.087500000000000000e+01,1.140000000000000036e+01,4.099999999999999756e-01,4.600000000000000200e-01,5.700000000000000178e+00,9.290225563909775275e+00
1.000000000000000000e+00,2.000000000000000111e-01,9.900000000000000000e+01,2.164000000000000057e+01,1.263000000000000078e+01,5.000000000000000000e-01,5.699999999999999512e-01,5.889999999999999680e+00,8.815013458114208333e+00
1.000000000000000000e+00,2.500000000000000000e-01,9.700000000000000000e+01,2.175499999999999901e+01,1.214000000000000057e+01,6.899999999999999467e-01,4.199999999999999845e-01,5.980000000000000426e+00,8.677049369357554554e+00
1.000000000000000000e+00,3.000000000000000444e-01,9.500000000000000000e+01,2.321000000000000085e+01,1.214000000000000057e+01,9.200000000000000400e-01,3.900000000000000133e-01,6.639999999999999680e+00,7.407525690999291257e+00
1.000000000000000000e+00,3.500000000000000333e-01,9.400000000000000000e+01,2.235000000000000142e+01,1.276999999999999957e+01,8.000000000000000444e-01,5.100000000000000089e-01,6.540000000000000036e+00,7.246326914675539577e+00
1.000000000000000000e+00,4.000000000000000222e-01,9.700000000000000000e+01,2.233999999999999986e+01,1.183999999999999986e+01,5.200000000000000178e-01,4.600000000000000200e-01,6.259999999999999787e+00,8.557831025914092393e+00
1.000000000000000000e+00,4.500000000000000111e-01,9.600000000000000000e+01,2.176000000000000156e+01,1.260999999999999943e+01,7.800000000000000266e-01,5.500000000000000444e-01,6.290000000000000036e+00,7.415929371173426432e+00
1.000000000000000000e+00,5.000000000000000000e-01,9.700000000000000000e+01,2.119500000000000028e+01,1.165000000000000036e+01,6.899999999999999467e-01,5.799999999999999600e-01,6.080000000000000071e+00,7.400109130512091404e+00
1.000000000000000000e+00,5.500000000000000444e-01,9.300000000000000000e+01,2.150499999999999901e+01,1.141999999999999993e+01,6.999999999999999556e-01,5.600000000000000533e-01,6.240000000000000213e+00,6.945773721470836826e+00
1.000000000000000000e+00,6.000000000000000888e-01,9.500000000000000000e+01,2.189999999999999858e+01,1.275000000000000000e+01,6.999999999999999556e-01,5.100000000000000089e-01,6.540000000000000036e+00,7.488318754000426125e+00
1.000000000000000000e+00,6.500000000000000222e-01,9.500000000000000000e+01,2.230000000000000071e+01,1.272000000000000064e+01,6.400000000000000133e-01,4.400000000000000022e-01,6.769999999999999574e+00,7.826440177252584895e+00
1.000000000000000000e+00,7.000000000000000666e-01,9.400000000000000000e+01,2.214000000000000057e+01,1.284999999999999964e+01,1.149999999999999911e+00,5.799999999999999600e-01,6.559999999999999609e+00,6.360917273783126547e+00
1.000000000000000000e+00,7.500000000000000000e-01,9.300000000000000000e+01,2.153000000000000114e+01,1.250000000000000000e+01,1.090000000000000080e+00,5.600000000000000533e-01,6.440000000000000391e+00,6.376339127624294001e+00
1.000000000000000000e+00,8.000000000000000444e-01,9.700000000000000000e+01,2.178500000000000014e+01,1.194999999999999929e+01,8.699999999999999956e-01,5.600000000000000533e-01,6.299999999999999822e+00,7.052531347212251056e+00
1.000000000000000000e+00,8.500000000000000888e-01,8.300000000000000000e+01,2.146999999999999886e+01,1.275999999999999979e+01,1.739999999999999991e+00,8.499999999999999778e-01,7.480000000000000426e+00,4.028741139161795992e+00
1.000000000000000000e+00,9.000000000000000222e-01,7.300000000000000000e+01,1.976999999999999957e+01,1.467999999999999972e+01,2.509999999999999787e+00,9.300000000000000488e-01,8.839999999999999858e+00,2.742212871594686074e+00
1.000000000000000000e+00,9.500000000000000666e-01,8.400000000000000000e+01,1.880499999999999972e+01,1.316999999999999993e+01,2.390000000000000124e+00,9.200000000000000400e-01,7.459999999999999964e+00,3.519768980662826063e+00
1.000000000000000000e+00,1.000000000000000000e+00,4.000000000000000000e+00,4.264999999999999680e+00,2.726999999999999957e+01,1.189999999999999947e+00,6.800000000000000488e-01,1.464000000000000057e+01,1.285286081645773126e-01
